event_type,canonical_regime,canonical_family,default_executable,detector,enabled,tags,instrument_classes,sequence_eligible,subtype,phase,evidence_mode,layer,disposition,asset_scope,venue_scope,research_only,strategy_only,is_composite,is_context_tag,is_strategy_construct,deconflict_priority,reports_dir,events_file,signal_column,templates,horizons,conditioning_cols,max_candidates_per_run,threshold_parameters
ABSORPTION_PROXY,LIQUIDITY_STRESS,LIQUIDITY_DISLOCATION,True,AbsorptionProxyDetector,True,,,True,absorption,persistence,hybrid,canonical,merge,single_asset,single_venue,False,False,False,False,False,0,liquidity_dislocation,liquidity_dislocation_events.parquet,absorption_proxy_event,mean_reversion|stop_run_repair|overshoot_repair|only_if_liquidity|slippage_aware_filter,15m,vol_regime|carry_state|funding_bps|ms_trend_state|ms_spread_state|severity_bucket,600,"{""cooldown_bars"": 96, ""imbalance_abs_quantile"": 0.25, ""merge_gap_bars"": 0, ""min_history_bars"": 288, ""min_occurrences"": 0, ""rv_quantile"": 0.9, ""spread_quantile"": 0.965, ""window"": 288}"
BAND_BREAK,STATISTICAL_STRETCH_OVERSHOOT,STATISTICAL_DISLOCATION,True,BandBreakDetector,True,statistical_stretch,crypto|futures,True,band_break,breakout,statistical,canonical,merge,single_asset,single_venue,False,False,False,False,False,0,statistical_dislocation,statistical_dislocation_events.parquet,band_break_event,mean_reversion|overshoot_repair|tail_risk_avoid,15m|60m,vol_regime|carry_state|funding_bps|ms_trend_state|ms_spread_state|severity_bucket,350,"{""band_z_threshold"": 3.0, ""cooldown_bars"": 12, ""lookback_window"": 288, ""merge_gap_bars"": 0, ""min_occurrences"": 0}"
BASIS_DISLOC,BASIS_FUNDING_DISLOCATION,STATISTICAL_DISLOCATION,True,BasisDislocationDetector,True,basis_dislocation,crypto|futures,True,basis_dislocation,shock,statistical,canonical,merge,single_asset,cross_venue,False,False,False,False,False,0,basis_dislocation,basis_dislocation_events.parquet,basis_dislocation_event,mean_reversion|overshoot_repair|tail_risk_avoid,15m|60m,vol_regime|carry_state|funding_bps|ms_trend_state|ms_spread_state|severity_bucket,350,"{""cooldown_bars"": 12, ""lookback_window"": 288, ""merge_gap_bars"": 1, ""min_basis_bps"": 10.0, ""min_occurrences"": 0, ""z_threshold"": 5.0}"
BETA_SPIKE_EVENT,REGIME_TRANSITION,REGIME_TRANSITION,True,BetaSpikeDetector,True,regime_shift,crypto|futures,True,beta_spike,transition,inferred_cross_asset,canonical,keep,cross_asset,multi_venue,False,False,False,False,False,0,regime_transition,regime_transition_events.parquet,beta_spike_event,only_if_regime|continuation|mean_reversion|drawdown_filter|tail_risk_avoid,60m,vol_regime|carry_state|funding_bps|ms_trend_state|ms_spread_state|severity_bucket,350,"{""cooldown_bars"": 48, ""merge_gap_bars"": 0, ""min_occurrences"": 0, ""regime_window"": 288, ""transition_z_threshold"": 2.5}"
BREAKOUT_TRIGGER,VOLATILITY_RELAXATION_COMPRESSION_RELEASE,VOLATILITY_TRANSITION,True,BreakoutTriggerDetector,True,vol_regime|trend_momentum,crypto|futures,True,breakout_trigger,breakout,hybrid,canonical,merge,single_asset,single_venue,False,False,False,False,False,0,volatility_transition,volatility_transition_events.parquet,breakout_trigger_event,mean_reversion|continuation|trend_continuation|volatility_expansion_follow|pullback_entry|only_if_regime,60m,vol_regime|carry_state|funding_bps|ms_trend_state|ms_spread_state|severity_bucket,500,"{""compression_ratio_max"": 0.8, ""compression_window"": 6, ""cooldown_bars"": 12, ""expansion_quantile"": 0.85, ""merge_gap_bars"": 0, ""min_breakout_distance"": 0.0015, ""min_occurrences"": 0, ""vol_lookback_window"": 96}"
CHOP_TO_TREND_SHIFT,REGIME_TRANSITION,REGIME_TRANSITION,True,ChopToTrendDetector,True,regime_shift|trend_momentum,crypto|futures,True,chop_to_trend,transition,hybrid,canonical,keep,single_asset,single_venue,False,False,False,False,False,0,regime_transition,regime_transition_events.parquet,chop_to_trend_shift_event,only_if_regime|continuation|mean_reversion|drawdown_filter|tail_risk_avoid,60m,vol_regime|carry_state|funding_bps|ms_trend_state|ms_spread_state|severity_bucket,350,"{""cooldown_bars"": 48, ""merge_gap_bars"": 0, ""min_occurrences"": 0, ""regime_window"": 288, ""transition_z_threshold"": 2.5}"
CLIMAX_VOLUME_BAR,TREND_FAILURE_EXHAUSTION,FORCED_FLOW_AND_EXHAUSTION,True,ClimaxVolumeDetector,True,exhaustion|high_urgency,crypto|futures,True,climax_volume,exhaustion,hybrid,canonical,merge,single_asset,single_venue,False,False,False,False,False,0,forced_flow_and_exhaustion,forced_flow_and_exhaustion_events.parquet,climax_volume_bar_event,,60m,vol_regime|carry_state|funding_bps|ms_trend_state|ms_spread_state|severity_bucket,500,"{""cascade_window_bars"": 12, ""cooldown_bars"": 48, ""liquidation_spike_z_threshold"": 3.0, ""merge_gap_bars"": 0, ""min_occurrences"": 0, ""range_quantile"": 0.995, ""ret_quantile"": 0.998, ""vol_quantile"": 0.992}"
COPULA_PAIRS_TRADING,STATISTICAL_STRETCH_OVERSHOOT,STATISTICAL_DISLOCATION,False,CopulaPairsTradingDetector,True,basis_dislocation,crypto|futures,True,copula_pairs_trading,strategy,statistical,strategy_construct,demote,cross_asset,multi_venue,False,True,False,False,True,0,copula_pairs,copula_pairs_events.parquet,copula_pairs_trading_event,mean_reversion|overshoot_repair|tail_risk_avoid,15m|60m,vol_regime|carry_state|funding_bps|ms_trend_state|ms_spread_state|severity_bucket,350,"{""cooldown_bars"": 12, ""lookback_window"": 288, ""merge_gap_bars"": 1, ""min_occurrences"": 0}"
CORRELATION_BREAKDOWN_EVENT,REGIME_TRANSITION,REGIME_TRANSITION,True,CorrelationBreakdownDetector,True,regime_shift,crypto|futures,True,correlation_breakdown,transition,inferred_cross_asset,canonical,keep,cross_asset,multi_venue,False,False,False,False,False,0,regime_transition,regime_transition_events.parquet,correlation_breakdown_event,only_if_regime|continuation|mean_reversion|drawdown_filter|tail_risk_avoid,60m,vol_regime|carry_state|funding_bps|ms_trend_state|ms_spread_state|severity_bucket,350,"{""cooldown_bars"": 48, ""merge_gap_bars"": 0, ""min_occurrences"": 0, ""regime_window"": 288, ""transition_z_threshold"": 2.5}"
CROSS_ASSET_DESYNC_EVENT,CROSS_ASSET_DESYNCHRONIZATION,INFORMATION_DESYNC,True,CrossAssetDesyncDetector,True,desync,crypto|futures,True,cross_asset_desync,divergence,inferred_cross_asset,canonical,keep,cross_asset,multi_venue,False,False,False,False,False,0,cross_asset_desync_event,cross_asset_desync_event_events.parquet,cross_asset_desync_event,desync_repair|convergence|basis_repair|lead_lag_follow|divergence_continuation,5m|15m|60m,vol_regime|carry_state|funding_bps|ms_trend_state|ms_spread_state|severity_bucket,600,"{""cooldown_bars"": 24, ""lookback_window"": 2880, ""merge_gap_bars"": 1, ""min_occurrences"": 0, ""min_pair_observations"": 96, ""threshold_z"": 3.0}"
CROSS_VENUE_DESYNC,BASIS_FUNDING_DISLOCATION,INFORMATION_DESYNC,True,CrossVenueDesyncDetector,True,desync,crypto|futures,True,cross_venue_desync,persistence,inferred_cross_asset,canonical,merge,single_asset,cross_venue,False,False,False,False,False,0,cross_venue_desync,cross_venue_desync_events.parquet,cross_venue_desync_event,desync_repair|convergence|basis_repair|lead_lag_follow|divergence_continuation,5m|15m|60m,vol_regime|carry_state|funding_bps|ms_trend_state|ms_spread_state|severity_bucket,600,"{""anchor_quantile"": 0.995, ""basis_lookback"": 96, ""cooldown_bars"": 0, ""merge_gap_bars"": 1, ""min_basis_bps"": 35.0, ""min_occurrences"": 0, ""persistence_bars"": 2, ""revert_z"": 0.5, ""window_end"": 32}"
DELEVERAGING_WAVE,POSITIONING_UNWIND_DELEVERAGING,POSITIONING_EXTREMES,True,DeleveragingWaveDetector,True,forced_liquidation|oi_dynamic,crypto|futures,True,deleveraging_wave,unwind,hybrid,canonical,keep,single_asset,single_venue,False,False,False,False,False,0,positioning_extremes,positioning_extremes_events.parquet,deleveraging_wave_event,reversal_or_squeeze|mean_reversion|continuation|exhaustion_reversal|convexity_capture|only_if_funding|only_if_oi|tail_risk_avoid,5m|60m,vol_regime|carry_state|funding_bps|ms_trend_state|ms_spread_state|severity_bucket,500,"{""cooldown_bars"": 24, ""funding_extreme_quantile"": 0.99, ""merge_gap_bars"": 0, ""min_occurrences"": 0, ""oi_change_z_threshold"": 3.0}"
DEPTH_COLLAPSE,LIQUIDITY_STRESS,LIQUIDITY_DISLOCATION,True,DepthCollapseDetector,True,liquidity_stress,crypto|futures,True,depth_collapse,collapse,direct,canonical,merge,single_asset,single_venue,False,False,False,False,False,0,liquidity_dislocation,liquidity_dislocation_events.parquet,depth_collapse_event,mean_reversion|continuation|stop_run_repair|overshoot_repair|only_if_liquidity|slippage_aware_filter,15m,vol_regime|carry_state|funding_bps|ms_trend_state|ms_spread_state|severity_bucket,600,"{""cooldown_bars"": 12, ""lookback_window"": 288, ""merge_gap_bars"": 0, ""min_occurrences"": 0, ""min_volume_quantile"": 0.2, ""z_threshold"": 3.0}"
DEPTH_STRESS_PROXY,LIQUIDITY_STRESS,LIQUIDITY_DISLOCATION,True,DepthStressProxyDetector,True,,,True,depth_collapse,collapse,hybrid,canonical,merge,single_asset,single_venue,False,False,False,False,False,0,liquidity_dislocation,liquidity_dislocation_events.parquet,depth_stress_proxy_event,mean_reversion|continuation|stop_run_repair|overshoot_repair|only_if_liquidity|slippage_aware_filter,15m,vol_regime|carry_state|funding_bps|ms_trend_state|ms_spread_state|severity_bucket,600,"{""cooldown_bars"": 96, ""depth_quantile"": 0.93, ""merge_gap_bars"": 0, ""min_history_bars"": 288, ""min_occurrences"": 0, ""rv_quantile"": 0.9, ""spread_quantile"": 0.99, ""window"": 288}"
FAILED_CONTINUATION,TREND_FAILURE_EXHAUSTION,FORCED_FLOW_AND_EXHAUSTION,True,FailedContinuationDetector,True,exhaustion,crypto|futures,True,failed_continuation,failure,hybrid,canonical,keep,single_asset,single_venue,False,False,False,False,False,0,forced_flow_and_exhaustion,forced_flow_and_exhaustion_events.parquet,failed_continuation_event,,60m,vol_regime|carry_state|funding_bps|ms_trend_state|ms_spread_state|severity_bucket,500,"{""breakout_strength_min"": 0.003, ""breakout_window"": 48, ""cooldown_bars"": 24, ""merge_gap_bars"": 0, ""min_occurrences"": 0, ""reversal_window"": 12}"
FALSE_BREAKOUT,TREND_FAILURE_EXHAUSTION,TREND_STRUCTURE,True,FalseBreakoutDetector,True,trend_momentum|exhaustion,crypto|futures,True,false_breakout,failure,hybrid,canonical,merge,single_asset,single_venue,False,False,False,False,False,0,trend_structure,trend_structure_events.parquet,false_breakout_event,breakout_followthrough|false_breakout_reversal|pullback_entry|trend_continuation|continuation|only_if_trend,15m|60m,vol_regime|carry_state|funding_bps|ms_trend_state|ms_spread_state|severity_bucket,450,"{""breakout_z_threshold"": 2.5, ""cooldown_bars"": 12, ""max_range_ratio"": 8.0, ""merge_gap_bars"": 0, ""min_occurrences"": 0, ""trend_window"": 288}"
FEE_REGIME_CHANGE_EVENT,EXECUTION_FRICTION,EXECUTION_FRICTION,True,FeeRegimeChangeDetector,True,execution_cost,crypto|futures,True,fee_regime_change,transition,direct,canonical,keep,single_asset,single_venue,False,False,False,False,False,0,execution_friction,execution_friction_events.parquet,fee_regime_change_event,slippage_aware_filter|tail_risk_avoid,5m|15m,vol_regime|carry_state|funding_bps|ms_trend_state|ms_spread_state|severity_bucket,300,"{""cooldown_bars"": 12, ""merge_gap_bars"": 0, ""min_occurrences"": 0, ""slippage_z_threshold"": 3.0, ""spread_z_threshold"": 3.0}"
FLOW_EXHAUSTION_PROXY,TREND_FAILURE_EXHAUSTION,FORCED_FLOW_AND_EXHAUSTION,True,FlowExhaustionDetector,True,,,True,flow_exhaustion,exhaustion,hybrid,canonical,merge,single_asset,single_venue,False,False,False,False,False,0,forced_flow_and_exhaustion,forced_flow_and_exhaustion_events.parquet,flow_exhaustion_proxy_event,,60m,vol_regime|carry_state|funding_bps|ms_trend_state|ms_spread_state|severity_bucket,500,"{""cooldown_bars"": 12, ""liquidation_abs_min"": 25.0, ""liquidation_multiplier"": 0.9, ""liquidation_quantile"": 0.85, ""lookback_window"": 288, ""merge_gap_bars"": 0, ""min_occurrences"": 0, ""min_spacing"": 24, ""oi_drop_abs_min"": 5.0, ""oi_drop_quantile"": 0.8, ""rebound_window"": 6, ""return_abs_min"": 0.0025, ""return_quantile"": 0.75, ""reversal_quantile"": 0.65, ""reversal_window"": 3, ""rv_decay_ratio"": 0.99, ""spread_abs_min"": 5.0, ""spread_quantile"": 0.7, ""threshold_window"": 2880, ""z_threshold"": 3.0}"
FND_DISLOC,BASIS_FUNDING_DISLOCATION,STATISTICAL_DISLOCATION,True,FndDislocDetector,True,basis_dislocation,crypto|futures,True,funding_dislocation,shock,direct,canonical,merge,single_asset,cross_venue,False,False,False,False,False,0,funding_dislocation,funding_dislocation_events.parquet,funding_dislocation_event,mean_reversion|overshoot_repair|tail_risk_avoid,15m|60m,vol_regime|carry_state|funding_bps|ms_trend_state|ms_spread_state|severity_bucket,350,"{""alignment_window"": 3, ""cooldown_bars"": 12, ""funding_quantile"": 0.95, ""merge_gap_bars"": 1, ""min_basis_bps"": 5.0, ""min_occurrences"": 0, ""threshold_bps"": 2.0}"
FORCED_FLOW_EXHAUSTION,TREND_FAILURE_EXHAUSTION,FORCED_FLOW_AND_EXHAUSTION,True,ForcedFlowExhaustionDetector,True,exhaustion|forced_liquidation,crypto|futures,True,forced_flow_exhaustion,exhaustion,hybrid,canonical,keep,single_asset,single_venue,False,False,False,False,False,0,directional_exhaustion_after_forced_flow,directional_exhaustion_after_forced_flow_events.parquet,forced_flow_exhaustion_event,,60m,vol_regime|carry_state|funding_bps|ms_trend_state|ms_spread_state|severity_bucket,500,"{""anchor_quantile"": 0.99, ""cooldown_bars"": 0, ""liquidation_abs_min"": 25.0, ""liquidation_multiplier"": 0.9, ""liquidation_quantile"": 0.92, ""merge_gap_bars"": 1, ""min_occurrences"": 0, ""min_spacing"": 32, ""oi_drop_abs_min"": 5.0, ""oi_drop_quantile"": 0.88, ""rebound_window"": 6, ""return_abs_min"": 0.0025, ""return_quantile"": 0.8, ""reversal_quantile"": 0.65, ""reversal_window"": 3, ""rv_decay_ratio"": 0.99, ""spread_abs_min"": 5.0, ""spread_quantile"": 0.7, ""threshold_window"": 2880, ""window_end"": 32}"
FUNDING_EXTREME_ONSET,BASIS_FUNDING_DISLOCATION,POSITIONING_EXTREMES,True,FundingExtremeOnsetDetector,True,funding_crowding,crypto|futures,True,funding_extreme,onset,direct,canonical,merge,single_asset,cross_venue,False,False,False,False,False,0,funding_events,funding_episode_events.parquet,funding_extreme_onset_event,reversal_or_squeeze|mean_reversion|continuation|exhaustion_reversal|convexity_capture|only_if_funding|only_if_oi|only_if_regime|only_if_highvol|tail_risk_avoid,5m|60m,vol_regime|carry_state|funding_bps|ms_trend_state|ms_spread_state|severity_bucket,500,"{""accel_lookback"": 32, ""accel_near_zero_cutoff"": 5, ""accel_quantile"": 0.995, ""cooldown_bars"": 0, ""crossover_confirm_bars"": 4, ""funding_pct_window"": 2880, ""htf_lookback"": 96, ""htf_window"": 384, ""interaction_min_rows_per_year"": 150, ""merge_gap_bars"": 1, ""min_event_spacing"": 96, ""min_hazard_events"": 50, ""min_occurrences"": 0, ""min_prior_extreme_abs"": 0.0004, ""normalization_lookback"": 96, ""persistence_bars"": 3, ""phase_tolerance_bars"": 16, ""post_window"": 96, ""pre_window"": 96, ""vol_burst_quantile"": 0.9}"
FUNDING_FLIP,BASIS_FUNDING_DISLOCATION,POSITIONING_EXTREMES,True,FundingFlipDetector,True,funding_crowding|high_urgency,crypto|futures,True,funding_flip,flip,direct,canonical,merge,single_asset,cross_venue,False,False,False,False,False,0,positioning_extremes,positioning_extremes_events.parquet,funding_flip_event,reversal_or_squeeze|mean_reversion|continuation|exhaustion_reversal|convexity_capture|only_if_funding|only_if_oi|tail_risk_avoid,5m|60m,vol_regime|carry_state|funding_bps|ms_trend_state|ms_spread_state|severity_bucket,500,"{""cooldown_bars"": 24, ""funding_extreme_quantile"": 0.99, ""merge_gap_bars"": 0, ""min_flip_abs"": 0.00025, ""min_occurrences"": 0, ""min_spacing"": 24, ""oi_change_z_threshold"": 3.0, ""persistence_bars"": 2}"
FUNDING_NORMALIZATION_TRIGGER,BASIS_FUNDING_DISLOCATION,POSITIONING_EXTREMES,True,FundingNormalizationDetector,True,funding_crowding,crypto|futures,True,funding_normalization,normalization,direct,canonical,merge,single_asset,cross_venue,False,False,False,False,False,0,funding_events,funding_episode_events.parquet,funding_normalization_event,reversal_or_squeeze|mean_reversion|continuation|exhaustion_reversal|convexity_capture|only_if_funding|only_if_oi|tail_risk_avoid,60m,vol_regime|carry_state|funding_bps|ms_trend_state|ms_spread_state|severity_bucket,500,"{""accel_lookback"": 32, ""accel_near_zero_cutoff"": 5, ""accel_quantile"": 0.995, ""cooldown_bars"": 0, ""crossover_confirm_bars"": 4, ""funding_pct_window"": 2880, ""htf_lookback"": 96, ""htf_window"": 384, ""interaction_min_rows_per_year"": 150, ""merge_gap_bars"": 1, ""min_event_spacing"": 96, ""min_hazard_events"": 50, ""min_occurrences"": 0, ""min_prior_extreme_abs"": 0.0004, ""normalization_lookback"": 96, ""persistence_bars"": 12, ""phase_tolerance_bars"": 16, ""post_window"": 96, ""pre_window"": 96, ""vol_burst_quantile"": 0.9}"
FUNDING_PERSISTENCE_TRIGGER,BASIS_FUNDING_DISLOCATION,POSITIONING_EXTREMES,True,FundingPersistenceDetector,True,funding_crowding,crypto|futures,True,funding_persistence,persistence,direct,canonical,merge,single_asset,cross_venue,False,False,False,False,False,0,funding_events,funding_episode_events.parquet,funding_persistence_event,reversal_or_squeeze|mean_reversion|continuation|exhaustion_reversal|convexity_capture|only_if_funding|only_if_oi|tail_risk_avoid|only_if_regime,5m|60m,vol_regime|carry_state|funding_bps|ms_trend_state|ms_spread_state|severity_bucket,500,"{""accel_lookback"": 32, ""accel_near_zero_cutoff"": 5, ""accel_quantile"": 0.995, ""cooldown_bars"": 0, ""crossover_confirm_bars"": 4, ""funding_pct_window"": 2880, ""htf_lookback"": 96, ""htf_window"": 384, ""interaction_min_rows_per_year"": 150, ""merge_gap_bars"": 1, ""min_event_spacing"": 576, ""min_hazard_events"": 50, ""min_occurrences"": 0, ""min_prior_extreme_abs"": 0.0004, ""min_spacing"": 576, ""normalization_lookback"": 96, ""persistence_bars"": 12, ""phase_tolerance_bars"": 16, ""post_window"": 96, ""pre_window"": 96, ""vol_burst_quantile"": 0.9}"
FUNDING_TIMESTAMP_EVENT,SCHEDULED_TEMPORAL_WINDOW,TEMPORAL_STRUCTURE,False,FundingTimestampDetector,True,temporal_anchor|funding_crowding,crypto|futures,True,funding_timestamp,window,contextual,context_tag,demote,multi_asset,market_wide,False,False,False,True,False,0,temporal_structure,temporal_structure_events.parquet,funding_timestamp_event,mean_reversion|continuation,5m|15m,vol_regime|carry_state|funding_bps|ms_trend_state|ms_spread_state|severity_bucket,300,"{""cooldown_bars"": 12, ""event_spacing_bars"": 288, ""funding_abs_quantile"": 0.0, ""merge_gap_bars"": 0, ""min_occurrences"": 0}"
GAP_OVERSHOOT,STATISTICAL_STRETCH_OVERSHOOT,STATISTICAL_DISLOCATION,True,GapOvershootDetector,True,statistical_stretch,crypto|futures,True,gap_overshoot,overshoot,statistical,canonical,keep,single_asset,single_venue,False,False,False,False,False,0,statistical_dislocation,statistical_dislocation_events.parquet,gap_overshoot_event,mean_reversion|overshoot_repair|tail_risk_avoid,15m|60m,vol_regime|carry_state|funding_bps|ms_trend_state|ms_spread_state|severity_bucket,350,"{""band_z_threshold"": 3.0, ""cooldown_bars"": 12, ""lookback_window"": 288, ""merge_gap_bars"": 0, ""min_occurrences"": 0, ""return_quantile"": 0.995}"
INDEX_COMPONENT_DIVERGENCE,CROSS_ASSET_DESYNCHRONIZATION,INFORMATION_DESYNC,True,IndexComponentDivergenceDetector,True,desync,crypto|futures,True,index_component_divergence,divergence,inferred_cross_asset,canonical,keep,cross_asset,multi_venue,False,False,False,False,False,0,information_desync,information_desync_events.parquet,index_component_divergence_event,desync_repair|convergence|basis_repair|lead_lag_follow|divergence_continuation,5m|15m|60m,vol_regime|carry_state|funding_bps|ms_trend_state|ms_spread_state|severity_bucket,500,"{""cooldown_bars"": 12, ""desync_z_threshold"": 3.0, ""lead_lag_window"": 60, ""merge_gap_bars"": 0, ""min_occurrences"": 0}"
LEAD_LAG_BREAK,CROSS_ASSET_DESYNCHRONIZATION,INFORMATION_DESYNC,True,LeadLagBreakDetector,True,desync,crypto|futures,True,lead_lag_break,divergence,inferred_cross_asset,canonical,keep,cross_asset,multi_venue,False,False,False,False,False,0,information_desync,information_desync_events.parquet,lead_lag_break_event,desync_repair|convergence|basis_repair|lead_lag_follow|divergence_continuation,5m|15m|60m,vol_regime|carry_state|funding_bps|ms_trend_state|ms_spread_state|severity_bucket,500,"{""cooldown_bars"": 12, ""desync_z_threshold"": 3.0, ""lead_lag_window"": 60, ""merge_gap_bars"": 0, ""min_occurrences"": 0}"
LIQUIDATION_CASCADE,LIQUIDATION_CASCADE,POSITIONING_EXTREMES,True,LiquidationCascadeDetector,True,forced_liquidation|high_urgency,crypto|futures,True,liquidation_cascade,cascade,direct,canonical,keep,single_asset,single_venue,False,False,False,False,False,0,liquidation_cascade,liquidation_cascade_events.parquet,liquidation_cascade_event,reversal_or_squeeze|mean_reversion|continuation|exhaustion_reversal|convexity_capture|only_if_funding|only_if_oi|tail_risk_avoid,5m|15m|60m,vol_regime|carry_state|funding_bps|ms_trend_state|ms_spread_state|severity_bucket,1000,"{""cooldown_bars"": 0, ""liq_multiplier"": 3.0, ""max_gap"": 6, ""median_window"": 288, ""merge_gap_bars"": 1, ""min_occurrences"": 0, ""min_periods"": 24}"
LIQUIDATION_CASCADE_PROXY,LIQUIDATION_CASCADE,POSITIONING_EXTREMES,True,LiquidationCascadeProxyDetector,True,oi_dynamic|liquidation_proxy,crypto|futures,True,liquidation_cascade_proxy,onset,proxy,canonical,merge,single_asset,single_venue,False,False,False,False,False,0,liquidation_events,liquidation_cascade_proxy_events.parquet,liquidation_cascade_proxy_event,reversal_or_squeeze|mean_reversion|continuation|exhaustion_reversal|convexity_capture|only_if_funding|only_if_oi|tail_risk_avoid,5m|15m|60m,vol_regime|carry_state|funding_bps|ms_trend_state|ms_spread_state|severity_bucket,300,"{""cooldown_bars"": 0, ""max_gap"": 1, ""merge_gap_bars"": 1, ""min_episode_oi_reduction_pct"": 0.0, ""min_occurrences"": 0, ""min_periods"": 24, ""oi_drop_quantile"": 0.997, ""oi_window"": 288, ""ret_window"": 3, ""vol_surge_quantile"": 0.9, ""vol_window"": 288}"
LIQUIDATION_EXHAUSTION_REVERSAL,TREND_FAILURE_EXHAUSTION,FORCED_FLOW_AND_EXHAUSTION,True,PostDeleveragingReboundDetector,True,forced_liquidation,crypto|futures,True,liquidation_exhaustion_reversal,recovery,hybrid,canonical,merge,single_asset,single_venue,False,False,False,False,False,0,forced_flow_and_exhaustion,forced_flow_and_exhaustion_events.parquet,liquidation_exhaustion_reversal_event,,60m,vol_regime|carry_state|funding_bps|ms_trend_state|ms_spread_state|severity_bucket,400,"{""cluster_window"": 12, ""cooldown_bars"": 24, ""liq_cooldown_ratio"": 0.55, ""liquidation_abs_min"": 25.0, ""liquidation_cooldown_abs_max"": 100000.0, ""liquidation_multiplier"": 0.9, ""liquidation_quantile"": 0.85, ""merge_gap_bars"": 0, ""min_occurrences"": 0, ""oi_drop_abs_min"": 5.0, ""oi_drop_quantile"": 0.8, ""post_cluster_lookback"": 48, ""rebound_quantile"": 0.7, ""rebound_return_min"": 0.001, ""rebound_window"": 6, ""rebound_window_bars"": 12, ""return_abs_min"": 0.0025, ""return_quantile"": 0.75, ""reversal_quantile"": 0.65, ""reversal_window"": 3, ""rv_peak_decay_ratio"": 1.01, ""spread_abs_min"": 5.0, ""spread_quantile"": 0.7, ""threshold_window"": 2880, ""wick_quantile"": 0.7, ""wick_ratio_min"": 0.55}"
LIQUIDITY_GAP_PRINT,LIQUIDITY_STRESS,LIQUIDITY_DISLOCATION,True,LiquidityGapDetector,True,liquidity_stress,crypto|futures,True,gap_print,shock,direct,canonical,merge,single_asset,single_venue,False,False,False,False,False,0,liquidity_dislocation,liquidity_dislocation_events.parquet,liquidity_gap_print_event,mean_reversion|continuation|stop_run_repair|overshoot_repair|only_if_liquidity|slippage_aware_filter,12b|24b|48b,vol_regime|carry_state|funding_bps|ms_trend_state|ms_spread_state|severity_bucket,600,"{""cooldown_bars"": 12, ""lookback_window"": 288, ""merge_gap_bars"": 0, ""min_occurrences"": 0, ""min_volume_quantile"": 0.2, ""z_threshold"": 3.0}"
LIQUIDITY_SHOCK,LIQUIDITY_STRESS,LIQUIDITY_DISLOCATION,True,LiquidityStressDetector,True,liquidity_stress|high_urgency,crypto|futures,True,liquidity_shock,shock,hybrid,canonical,keep,single_asset,single_venue,False,False,False,False,False,0,liquidity_shock,liquidity_shock_events.parquet,liquidity_shock_event,mean_reversion|continuation|stop_run_repair|overshoot_repair|only_if_liquidity|slippage_aware_filter,15m,vol_regime|carry_state|funding_bps|ms_trend_state|ms_spread_state|severity_bucket,600,"{""cooldown_bars"": 0, ""median_window"": 288, ""merge_gap_bars"": 1, ""min_occurrences"": 0}"
LIQUIDITY_STRESS_DIRECT,LIQUIDITY_STRESS,LIQUIDITY_DISLOCATION,True,DirectLiquidityStressDetector,True,,,True,liquidity_stress,shock,direct,canonical,merge,single_asset,single_venue,False,False,False,False,False,0,liquidity_shock,liquidity_shock_events.parquet,liquidity_stress_direct_event,mean_reversion|continuation|stop_run_repair|overshoot_repair|only_if_liquidity|slippage_aware_filter,15m,vol_regime|carry_state|funding_bps|ms_trend_state|ms_spread_state|severity_bucket,600,"{""cooldown_bars"": 0, ""median_window"": 288, ""merge_gap_bars"": 1, ""min_occurrences"": 0}"
LIQUIDITY_STRESS_PROXY,LIQUIDITY_STRESS,LIQUIDITY_DISLOCATION,True,ProxyLiquidityStressDetector,True,,,True,liquidity_stress,shock,hybrid,canonical,merge,single_asset,single_venue,False,False,False,False,False,0,liquidity_shock,liquidity_shock_events.parquet,liquidity_stress_proxy_event,mean_reversion|continuation|stop_run_repair|overshoot_repair|only_if_liquidity|slippage_aware_filter,15m,vol_regime|carry_state|funding_bps|ms_trend_state|ms_spread_state|severity_bucket,600,"{""cooldown_bars"": 0, ""median_window"": 288, ""merge_gap_bars"": 1, ""min_occurrences"": 0}"
LIQUIDITY_VACUUM,LIQUIDITY_STRESS,LIQUIDITY_DISLOCATION,True,LiquidityVacuumDetector,True,liquidity_stress|high_urgency,crypto|futures,True,liquidity_vacuum,collapse,direct,canonical,keep,single_asset,single_venue,False,False,False,False,False,0,liquidity_vacuum,liquidity_vacuum_events.parquet,liquidity_vacuum_event,mean_reversion|stop_run_repair|overshoot_repair|continuation|only_if_liquidity|slippage_aware_filter,15m,vol_regime|carry_state|funding_bps|ms_trend_state|ms_spread_state|severity_bucket,1000,"{""auc_horizon_bars"": 96, ""cooldown_bars"": 12, ""max_vacuum_bars"": 96, ""merge_gap_bars"": 2, ""min_events_calibration"": 1, ""min_occurrences"": 3, ""min_vacuum_bars"": 1, ""post_horizon_bars"": 96, ""range_expansion_threshold"": 0.02, ""range_multiplier"": 1.05, ""range_window"": 24, ""shock_quantile"": 0.99, ""shock_quantiles"": ""0.5,0.6,0.7"", ""shock_threshold_mode"": ""rolling"", ""vol_ratio_floor"": 0.95, ""volume_window"": 24}"
MOMENTUM_DIVERGENCE_TRIGGER,TREND_FAILURE_EXHAUSTION,FORCED_FLOW_AND_EXHAUSTION,True,MomentumDivergenceDetector,True,exhaustion,crypto|futures,True,momentum_divergence,exhaustion,hybrid,canonical,merge,single_asset,single_venue,False,False,False,False,False,0,forced_flow_and_exhaustion,forced_flow_and_exhaustion_events.parquet,momentum_divergence_trigger_event,,60m,vol_regime|carry_state|funding_bps|ms_trend_state|ms_spread_state|severity_bucket,500,"{""cascade_window_bars"": 12, ""cooldown_bars"": 96, ""liquidation_spike_z_threshold"": 3.0, ""max_trend_persistence_bars"": 72, ""merge_gap_bars"": 0, ""min_occurrences"": 0, ""slow_trend_quantile"": 0.7}"
OI_FLUSH,POSITIONING_UNWIND_DELEVERAGING,POSITIONING_EXTREMES,True,OIFlushDetector,True,oi_dynamic|high_urgency,crypto|futures,True,oi_flush,unwind,direct,canonical,merge,single_asset,single_venue,False,False,False,False,False,0,oi_shocks,oi_shock_events.parquet,oi_flush_event,reversal_or_squeeze|mean_reversion|continuation|exhaustion_reversal|convexity_capture|only_if_funding|only_if_oi|only_if_regime|only_if_highvol|tail_risk_avoid,5m|60m,vol_regime|carry_state|funding_bps|ms_trend_state|ms_spread_state|severity_bucket,500,"{""cooldown_bars"": 0, ""merge_gap_bars"": 1, ""min_occurrences"": 0, ""oi_window"": 96, ""spike_z_th"": 2.5}"
OI_SPIKE_NEGATIVE,POSITIONING_EXPANSION,POSITIONING_EXTREMES,True,OISpikeNegativeDetector,True,oi_dynamic,crypto|futures,True,oi_spike_negative,expansion,direct,canonical,merge,single_asset,single_venue,False,False,False,False,False,0,oi_shocks,oi_shock_events.parquet,oi_spike_neg_event,reversal_or_squeeze|mean_reversion|continuation|exhaustion_reversal|convexity_capture|only_if_funding|only_if_oi|tail_risk_avoid,5m|60m,vol_regime|carry_state|funding_bps|ms_trend_state|ms_spread_state|severity_bucket,250,"{""cooldown_bars"": 0, ""merge_gap_bars"": 1, ""min_occurrences"": 0, ""oi_window"": 96, ""spike_z_th"": 2.5}"
OI_SPIKE_POSITIVE,POSITIONING_EXPANSION,POSITIONING_EXTREMES,True,OISpikePositiveDetector,True,oi_dynamic,crypto|futures,True,oi_spike_positive,expansion,direct,canonical,merge,single_asset,single_venue,False,False,False,False,False,0,oi_shocks,oi_shock_events.parquet,oi_spike_pos_event,reversal_or_squeeze|mean_reversion|continuation|exhaustion_reversal|convexity_capture|only_if_funding|only_if_oi|tail_risk_avoid,60m,vol_regime|carry_state|funding_bps|ms_trend_state|ms_spread_state|severity_bucket,250,"{""cooldown_bars"": 0, ""merge_gap_bars"": 1, ""min_occurrences"": 0, ""oi_window"": 96, ""spike_z_th"": 2.5}"
ORDERFLOW_IMBALANCE_SHOCK,LIQUIDITY_STRESS,LIQUIDITY_DISLOCATION,True,OrderflowImbalanceDetector,True,orderflow_imbalance,crypto|futures,True,orderflow_imbalance,shock,direct,canonical,merge,single_asset,single_venue,False,False,False,False,False,0,liquidity_dislocation,liquidity_dislocation_events.parquet,orderflow_imbalance_shock_event,mean_reversion|continuation|stop_run_repair|overshoot_repair|only_if_liquidity|slippage_aware_filter,15m,vol_regime|carry_state|funding_bps|ms_trend_state|ms_spread_state|severity_bucket,600,"{""cooldown_bars"": 12, ""lookback_window"": 288, ""merge_gap_bars"": 0, ""min_history_bars"": 288, ""min_occurrences"": 0, ""min_volume_quantile"": 0.2, ""ret_quantile"": 0.998, ""ret_window"": 288, ""rv_quantile"": 0.92, ""rv_window"": 288, ""vol_quantile"": 0.92, ""vol_window"": 288, ""z_threshold"": 3.0}"
OVERSHOOT_AFTER_SHOCK,STATISTICAL_STRETCH_OVERSHOOT,STATISTICAL_DISLOCATION,True,OvershootDetector,True,statistical_stretch,crypto|futures,True,overshoot_after_shock,overshoot,statistical,canonical,keep,single_asset,single_venue,False,False,False,False,False,0,statistical_dislocation,statistical_dislocation_events.parquet,overshoot_after_shock_event,mean_reversion|overshoot_repair|tail_risk_avoid,15m|60m,vol_regime|carry_state|funding_bps|ms_trend_state|ms_spread_state|severity_bucket,350,"{""band_z_threshold"": 3.0, ""cooldown_bars"": 12, ""lookback_window"": 288, ""merge_gap_bars"": 0, ""min_occurrences"": 0, ""price_quantile"": 0.95, ""rv_quantile"": 0.95}"
POST_DELEVERAGING_REBOUND,POSITIONING_UNWIND_DELEVERAGING,FORCED_FLOW_AND_EXHAUSTION,True,PostDeleveragingReboundDetector,True,,,True,post_deleveraging_rebound,recovery,hybrid,canonical,merge,single_asset,single_venue,False,False,False,False,False,0,forced_flow_and_exhaustion,forced_flow_and_exhaustion_events.parquet,post_deleveraging_rebound_event,,60m,vol_regime|carry_state|funding_bps|ms_trend_state|ms_spread_state|severity_bucket,400,"{""cluster_window"": 12, ""cooldown_bars"": 24, ""liq_cooldown_ratio"": 0.55, ""liquidation_abs_min"": 25.0, ""liquidation_cooldown_abs_max"": 100000.0, ""liquidation_multiplier"": 0.9, ""liquidation_quantile"": 0.85, ""merge_gap_bars"": 0, ""min_occurrences"": 0, ""oi_drop_abs_min"": 5.0, ""oi_drop_quantile"": 0.8, ""post_cluster_lookback"": 48, ""rebound_quantile"": 0.7, ""rebound_return_min"": 0.001, ""rebound_window"": 6, ""rebound_window_bars"": 12, ""return_abs_min"": 0.0025, ""return_quantile"": 0.75, ""reversal_quantile"": 0.65, ""reversal_window"": 3, ""rv_peak_decay_ratio"": 1.01, ""spread_abs_min"": 5.0, ""spread_quantile"": 0.7, ""threshold_window"": 2880, ""wick_quantile"": 0.7, ""wick_ratio_min"": 0.55}"
PRICE_VOL_IMBALANCE_PROXY,LIQUIDITY_STRESS,LIQUIDITY_DISLOCATION,True,PriceVolImbalanceProxyDetector,True,,,True,price_vol_imbalance,shock,hybrid,canonical,merge,single_asset,single_venue,False,False,False,False,False,0,liquidity_dislocation,liquidity_dislocation_events.parquet,price_vol_imbalance_proxy_event,mean_reversion|continuation|stop_run_repair|overshoot_repair|only_if_liquidity|slippage_aware_filter,15m,vol_regime|carry_state|funding_bps|ms_trend_state|ms_spread_state|severity_bucket,600,"{""cooldown_bars"": 24, ""merge_gap_bars"": 0, ""min_history_bars"": 288, ""min_occurrences"": 0, ""min_spacing"": 24, ""ret_quantile"": 0.995, ""ret_window"": 288, ""rv_quantile"": 0.9, ""rv_window"": 288, ""vol_window"": 288, ""volume_quantile"": 0.9}"
PULLBACK_PIVOT,TREND_CONTINUATION,TREND_STRUCTURE,True,PullbackPivotDetector,True,trend_momentum,crypto|futures,True,pullback_pivot,recovery,hybrid,canonical,keep,single_asset,single_venue,False,False,False,False,False,0,trend_structure,trend_structure_events.parquet,pullback_pivot_event,breakout_followthrough|false_breakout_reversal|pullback_entry|trend_continuation|continuation|only_if_trend,15m|60m,vol_regime|carry_state|funding_bps|ms_trend_state|ms_spread_state|severity_bucket,450,"{""breakout_z_threshold"": 2.5, ""cooldown_bars"": 12, ""merge_gap_bars"": 0, ""min_occurrences"": 0, ""trend_window"": 288}"
RANGE_BREAKOUT,TREND_CONTINUATION,TREND_STRUCTURE,True,RangeBreakoutDetector,True,trend_momentum,crypto|futures,True,range_breakout,breakout,hybrid,canonical,keep,single_asset,single_venue,False,False,False,False,False,0,trend_structure,trend_structure_events.parquet,range_breakout_event,breakout_followthrough|false_breakout_reversal|pullback_entry|trend_continuation|continuation|only_if_trend,15m|60m,vol_regime|carry_state|funding_bps|ms_trend_state|ms_spread_state|severity_bucket,450,"{""breakout_z_threshold"": 2.5, ""cooldown_bars"": 12, ""merge_gap_bars"": 0, ""min_occurrences"": 0, ""trend_window"": 288}"
RANGE_COMPRESSION_END,VOLATILITY_RELAXATION_COMPRESSION_RELEASE,VOLATILITY_TRANSITION,True,RangeCompressionDetector,True,vol_regime,crypto|futures,True,range_compression_end,breakout,hybrid,canonical,merge,single_asset,single_venue,False,False,False,False,False,0,volatility_transition,volatility_transition_events.parquet,range_compression_end_event,mean_reversion|continuation|trend_continuation|volatility_expansion_follow|pullback_entry|only_if_regime,60m,vol_regime|carry_state|funding_bps|ms_trend_state|ms_spread_state|severity_bucket,500,"{""compression_quantile"": 0.1, ""cooldown_bars"": 12, ""expansion_z_threshold"": 2.5, ""merge_gap_bars"": 0, ""min_occurrences"": 0, ""vol_lookback_window"": 288}"
SCHEDULED_NEWS_WINDOW_EVENT,SCHEDULED_TEMPORAL_WINDOW,TEMPORAL_STRUCTURE,False,ScheduledNewsDetector,True,temporal_anchor,crypto|futures,True,scheduled_news_window,window,contextual,context_tag,demote,multi_asset,market_wide,False,False,False,True,False,0,temporal_structure,temporal_structure_events.parquet,scheduled_news_window_event,mean_reversion|continuation,5m|15m,vol_regime|carry_state|funding_bps|ms_trend_state|ms_spread_state|severity_bucket,300,"{""cooldown_bars"": 12, ""event_spacing_bars"": 288, ""merge_gap_bars"": 0, ""min_occurrences"": 0}"
SEQ_FND_EXTREME_THEN_BREAKOUT,BASIS_FUNDING_DISLOCATION,POSITIONING_EXTREMES,False,EventSequenceDetector,True,funding_crowding|sequence,crypto|futures,False,funding_extreme_then_breakout,confirmation,sequence_confirmed,composite,demote,single_asset,cross_venue,True,False,True,False,False,0,event_sequences,event_sequences.parquet,seq_fnd_extreme_then_breakout_event,,5m|60m,vol_regime|carry_state|funding_bps|ms_trend_state|ms_spread_state|severity_bucket,250,"{""cooldown_bars"": 24, ""max_gap_bars"": 96, ""merge_gap_bars"": 1, ""min_occurrences"": 0}"
SEQ_LIQ_VACUUM_THEN_DEPTH_RECOVERY,LIQUIDITY_STRESS,LIQUIDITY_DISLOCATION,False,EventSequenceDetector,True,liquidity_stress|absorption_recovery|sequence,crypto|futures,False,liquidity_vacuum_then_depth_recovery,confirmation,sequence_confirmed,composite,demote,single_asset,single_venue,True,False,True,False,False,0,event_sequences,event_sequences.parquet,seq_liq_vacuum_then_depth_recovery_event,,15m,vol_regime|carry_state|funding_bps|ms_trend_state|ms_spread_state|severity_bucket,400,"{""cooldown_bars"": 24, ""max_gap_bars"": 48, ""merge_gap_bars"": 1, ""min_occurrences"": 0}"
SEQ_OI_SPIKEPOS_THEN_VOL_SPIKE,POSITIONING_EXPANSION,POSITIONING_EXTREMES,False,EventSequenceDetector,True,oi_dynamic|sequence,crypto|futures,False,oi_spike_positive_then_vol_spike,confirmation,sequence_confirmed,composite,demote,single_asset,single_venue,True,False,True,False,False,0,event_sequences,event_sequences.parquet,seq_oi_spikepos_then_vol_spike_event,,5m|60m,vol_regime|carry_state|funding_bps|ms_trend_state|ms_spread_state|severity_bucket,250,"{""cooldown_bars"": 24, ""max_gap_bars"": 48, ""merge_gap_bars"": 1, ""min_occurrences"": 0}"
SEQ_VOL_COMP_THEN_BREAKOUT,VOLATILITY_RELAXATION_COMPRESSION_RELEASE,VOLATILITY_TRANSITION,False,EventSequenceDetector,True,vol_regime|sequence,crypto|futures,False,vol_compression_then_breakout,confirmation,sequence_confirmed,composite,demote,single_asset,single_venue,True,False,True,False,False,0,event_sequences,event_sequences.parquet,seq_vol_comp_then_breakout_event,,60m,vol_regime|carry_state|funding_bps|ms_trend_state|ms_spread_state|severity_bucket,350,"{""cooldown_bars"": 24, ""max_gap_bars"": 48, ""merge_gap_bars"": 1, ""min_occurrences"": 0}"
SESSION_CLOSE_EVENT,SCHEDULED_TEMPORAL_WINDOW,TEMPORAL_STRUCTURE,False,SessionCloseDetector,True,temporal_anchor,crypto|futures,True,session_close,window,contextual,context_tag,demote,multi_asset,market_wide,False,False,False,True,False,0,temporal_structure,temporal_structure_events.parquet,session_close_event,mean_reversion|continuation,5m|15m,vol_regime|carry_state|funding_bps|ms_trend_state|ms_spread_state|severity_bucket,300,"{""cooldown_bars"": 12, ""event_spacing_bars"": 288, ""merge_gap_bars"": 0, ""min_occurrences"": 0, ""session_range_quantile"": 0.0, ""session_vol_z_min"": null}"
SESSION_OPEN_EVENT,SCHEDULED_TEMPORAL_WINDOW,TEMPORAL_STRUCTURE,False,SessionOpenDetector,True,temporal_anchor,crypto|futures,True,session_open,window,contextual,context_tag,demote,multi_asset,market_wide,False,False,False,True,False,0,temporal_structure,temporal_structure_events.parquet,session_open_event,mean_reversion|continuation,5m|15m,vol_regime|carry_state|funding_bps|ms_trend_state|ms_spread_state|severity_bucket,300,"{""cooldown_bars"": 12, ""event_spacing_bars"": 288, ""merge_gap_bars"": 0, ""min_occurrences"": 0, ""session_range_quantile"": 0.0, ""session_vol_z_min"": null}"
SLIPPAGE_SPIKE_EVENT,EXECUTION_FRICTION,EXECUTION_FRICTION,True,SlippageSpikeDetector,True,execution_cost|high_urgency,crypto|futures,True,slippage_spike,shock,direct,canonical,keep,single_asset,single_venue,False,False,False,False,False,0,execution_friction,execution_friction_events.parquet,slippage_spike_event,slippage_aware_filter|tail_risk_avoid,5m|15m,vol_regime|carry_state|funding_bps|ms_trend_state|ms_spread_state|severity_bucket,300,"{""cooldown_bars"": 12, ""merge_gap_bars"": 0, ""min_occurrences"": 0, ""slippage_z_threshold"": 3.0, ""spread_z_threshold"": 3.0}"
SPOT_PERP_BASIS_SHOCK,BASIS_FUNDING_DISLOCATION,INFORMATION_DESYNC,True,SpotPerpBasisShockDetector,True,desync|basis_dislocation|high_urgency,crypto|futures,True,spot_perp_basis_shock,shock,inferred_cross_asset,canonical,merge,single_asset,cross_venue,False,False,False,False,False,0,information_desync,information_desync_events.parquet,spot_perp_basis_shock_event,desync_repair|convergence|basis_repair|lead_lag_follow|divergence_continuation,5m|15m|60m,vol_regime|carry_state|funding_bps|ms_trend_state|ms_spread_state|severity_bucket,500,"{""cooldown_bars"": 12, ""lead_lag_window"": 60, ""merge_gap_bars"": 0, ""min_basis_bps"": 15.0, ""min_occurrences"": 0, ""shock_change_quantile"": 0.95, ""z_threshold"": 5.0}"
SPREAD_BLOWOUT,LIQUIDITY_STRESS,LIQUIDITY_DISLOCATION,True,SpreadBlowoutDetector,True,liquidity_stress|execution_cost,crypto|futures,True,spread_widening,shock,direct,canonical,merge,single_asset,single_venue,False,False,False,False,False,0,liquidity_dislocation,liquidity_dislocation_events.parquet,spread_blowout_event,mean_reversion|continuation|stop_run_repair|overshoot_repair|only_if_liquidity|slippage_aware_filter,15m,vol_regime|carry_state|funding_bps|ms_trend_state|ms_spread_state|severity_bucket,600,"{""cooldown_bars"": 12, ""lookback_window"": 288, ""merge_gap_bars"": 0, ""min_occurrences"": 0, ""min_volume_quantile"": 0.2, ""z_threshold"": 3.0}"
SPREAD_REGIME_WIDENING_EVENT,EXECUTION_FRICTION,EXECUTION_FRICTION,True,SpreadRegimeWideningDetector,True,execution_cost|liquidity_stress,crypto|futures,True,spread_regime_widening,persistence,direct,canonical,keep,single_asset,single_venue,False,False,False,False,False,0,execution_friction,execution_friction_events.parquet,spread_regime_widening_event,slippage_aware_filter|tail_risk_avoid,5m|15m,vol_regime|carry_state|funding_bps|ms_trend_state|ms_spread_state|severity_bucket,300,"{""cooldown_bars"": 48, ""lookback_window"": 2880, ""low_volume_quantile"": 0.25, ""merge_gap_bars"": 0, ""min_occurrences"": 0, ""min_periods"": 288, ""min_spacing"": 48, ""trend_window"": 24}"
SUPPORT_RESISTANCE_BREAK,TREND_CONTINUATION,TREND_STRUCTURE,True,SREventDetector,True,trend_momentum,crypto|futures,True,support_resistance_break,breakout,hybrid,canonical,merge,single_asset,single_venue,False,False,False,False,False,0,trend_structure,trend_structure_events.parquet,support_resistance_break_event,breakout_followthrough|false_breakout_reversal|pullback_entry|trend_continuation|continuation|only_if_trend,15m|60m,vol_regime|carry_state|funding_bps|ms_trend_state|ms_spread_state|severity_bucket,450,"{""breakout_z_threshold"": 2.5, ""cooldown_bars"": 12, ""merge_gap_bars"": 0, ""min_occurrences"": 0, ""trend_window"": 288}"
SWEEP_STOPRUN,LIQUIDITY_STRESS,LIQUIDITY_DISLOCATION,True,StopRunDetector,True,orderflow_imbalance|high_urgency,crypto|futures,True,sweep_stoprun,shock,hybrid,canonical,merge,single_asset,single_venue,False,False,False,False,False,0,liquidity_dislocation,liquidity_dislocation_events.parquet,sweep_stoprun_event,mean_reversion|continuation|stop_run_repair|overshoot_repair|only_if_liquidity|slippage_aware_filter,15m,vol_regime|carry_state|funding_bps|ms_trend_state|ms_spread_state|severity_bucket,600,"{""cooldown_bars"": 12, ""lookback_window"": 288, ""merge_gap_bars"": 0, ""min_occurrences"": 0, ""min_volume_quantile"": 0.2, ""z_threshold"": 3.0}"
TREND_ACCELERATION,TREND_CONTINUATION,TREND_STRUCTURE,True,TrendAccelerationDetector,True,trend_momentum,crypto|futures,True,trend_acceleration,persistence,hybrid,canonical,keep,single_asset,single_venue,False,False,False,False,False,0,trend_structure,trend_structure_events.parquet,trend_acceleration_event,breakout_followthrough|false_breakout_reversal|pullback_entry|trend_continuation|continuation|only_if_trend,15m|60m,vol_regime|carry_state|funding_bps|ms_trend_state|ms_spread_state|severity_bucket,450,"{""breakout_z_threshold"": 2.5, ""cooldown_bars"": 0, ""merge_gap_bars"": 0, ""min_occurrences"": 0, ""min_spacing"": 192, ""trend_window"": 96}"
TREND_DECELERATION,TREND_FAILURE_EXHAUSTION,TREND_STRUCTURE,True,TrendDecelerationDetector,True,trend_momentum,crypto|futures,True,trend_deceleration,exhaustion,hybrid,canonical,merge,single_asset,single_venue,False,False,False,False,False,0,trend_structure,trend_structure_events.parquet,trend_deceleration_event,breakout_followthrough|false_breakout_reversal|pullback_entry|trend_continuation|continuation|only_if_trend,15m|60m,vol_regime|carry_state|funding_bps|ms_trend_state|ms_spread_state|severity_bucket,450,"{""breakout_z_threshold"": 2.5, ""cooldown_bars"": 12, ""merge_gap_bars"": 0, ""min_occurrences"": 0, ""trend_window"": 288}"
TREND_EXHAUSTION_TRIGGER,TREND_FAILURE_EXHAUSTION,FORCED_FLOW_AND_EXHAUSTION,True,TrendExhaustionDetector,True,exhaustion|trend_momentum,crypto|futures,True,trend_exhaustion,onset,hybrid,canonical,keep,single_asset,single_venue,False,False,False,False,False,0,forced_flow_and_exhaustion,forced_flow_and_exhaustion_events.parquet,trend_exhaustion_trigger_event,,60m,vol_regime|carry_state|funding_bps|ms_trend_state|ms_spread_state|severity_bucket,500,"{""cascade_window_bars"": 12, ""context_max_entropy"": 0.9, ""context_min_confidence"": 0.55, ""cooldown_bars"": 96, ""cooldown_quantile"": 0.35, ""cooldown_ratio"": 0.9, ""liquidation_spike_z_threshold"": 3.0, ""merge_gap_bars"": 0, ""min_occurrences"": 0, ""min_trend_duration_bars"": 72, ""pullback_quantile"": 0.7, ""pullback_window"": 96, ""reversal_alignment_window"": 3, ""reversal_quantile"": 0.65, ""reversal_window"": 3, ""slope_fast_window"": 12, ""slope_slow_window"": 48, ""threshold_window"": 2880, ""trend_peak_multiplier"": 1.3, ""trend_quantile"": 0.95, ""trend_strength_ratio"": 3.0, ""trend_window"": 96, ""vol_window"": 288}"
TREND_TO_CHOP_SHIFT,REGIME_TRANSITION,REGIME_TRANSITION,True,TrendToChopDetector,True,regime_shift|trend_momentum,crypto|futures,True,trend_to_chop,transition,hybrid,canonical,keep,single_asset,single_venue,False,False,False,False,False,0,regime_transition,regime_transition_events.parquet,trend_to_chop_shift_event,only_if_regime|continuation|mean_reversion|drawdown_filter|tail_risk_avoid,60m,vol_regime|carry_state|funding_bps|ms_trend_state|ms_spread_state|severity_bucket,350,"{""cooldown_bars"": 48, ""merge_gap_bars"": 0, ""min_occurrences"": 0, ""regime_window"": 288, ""transition_z_threshold"": 2.5}"
VOL_CLUSTER_SHIFT,VOLATILITY_EXPANSION,VOLATILITY_TRANSITION,True,VolClusterShiftDetector,True,vol_regime,crypto|futures,True,vol_cluster_shift,persistence,statistical,canonical,merge,single_asset,single_venue,False,False,False,False,False,0,volatility_transition,volatility_transition_events.parquet,vol_cluster_shift_event,mean_reversion|continuation|trend_continuation|volatility_expansion_follow|pullback_entry|only_if_regime,60m,vol_regime|carry_state|funding_bps|ms_trend_state|ms_spread_state|severity_bucket,500,"{""compression_quantile"": 0.1, ""cooldown_bars"": 12, ""expansion_z_threshold"": 2.5, ""merge_gap_bars"": 0, ""min_occurrences"": 0, ""vol_lookback_window"": 288}"
VOL_REGIME_SHIFT_EVENT,REGIME_TRANSITION,REGIME_TRANSITION,True,VolRegimeShiftDetector,True,regime_shift|vol_regime,crypto|futures,True,vol_regime_shift,transition,statistical,canonical,keep,single_asset,single_venue,False,False,False,False,False,0,regime_transition,regime_transition_events.parquet,vol_regime_shift_event,only_if_regime|continuation|mean_reversion|drawdown_filter|tail_risk_avoid,60m,vol_regime|carry_state|funding_bps|ms_trend_state|ms_spread_state|severity_bucket,350,"{""cooldown_bars"": 48, ""merge_gap_bars"": 0, ""min_occurrences"": 0, ""regime_window"": 288, ""transition_z_threshold"": 2.5}"
VOL_RELAXATION_START,VOLATILITY_RELAXATION_COMPRESSION_RELEASE,VOLATILITY_TRANSITION,True,VolRelaxationDetector,True,vol_regime,crypto|futures,True,vol_relaxation_start,normalization,direct,canonical,keep,single_asset,single_venue,False,False,False,False,False,0,volatility_transition,volatility_transition_events.parquet,vol_relaxation_start_event,mean_reversion|continuation|trend_continuation|volatility_expansion_follow|pullback_entry|only_if_regime,60m,vol_regime|carry_state|funding_bps|ms_trend_state|ms_spread_state|severity_bucket,500,"{""compression_quantile"": 0.1, ""cooldown_bars"": 12, ""expansion_z_threshold"": 2.5, ""merge_gap_bars"": 0, ""min_occurrences"": 0, ""vol_lookback_window"": 288}"
VOL_SHOCK,VOLATILITY_TRANSITION,VOLATILITY_TRANSITION,True,VolShockRelaxationDetector,True,vol_regime|high_urgency,crypto|futures,True,vol_shock,shock,statistical,canonical,keep,single_asset,single_venue,False,False,False,False,False,0,vol_shock_relaxation,vol_shock_relaxation_events.parquet,vol_shock_relaxation_event,mean_reversion|continuation|trend_continuation,60m,vol_regime|carry_state|funding_bps|ms_trend_state|ms_spread_state|severity_bucket,500,"{""cooldown_bars"": 0, ""merge_gap_bars"": 1, ""min_occurrences"": 0, ""phase_tolerance_bars"": 16, ""shock_quantile"": 0.9}"
VOL_SPIKE,VOLATILITY_EXPANSION,VOLATILITY_TRANSITION,True,VolSpikeDetector,True,vol_regime|high_urgency,crypto|futures,True,vol_spike,shock,direct,canonical,keep,single_asset,single_venue,False,False,False,False,False,0,volatility_transition,volatility_transition_events.parquet,vol_spike_event,mean_reversion|continuation|trend_continuation|volatility_expansion_follow|pullback_entry|only_if_regime,60m,vol_regime|carry_state|funding_bps|ms_trend_state|ms_spread_state|severity_bucket,500,"{""cooldown_bars"": 6, ""merge_gap_bars"": 1, ""min_occurrences"": 5}"
WICK_REVERSAL_PROXY,LIQUIDITY_STRESS,LIQUIDITY_DISLOCATION,True,WickReversalProxyDetector,True,,,True,wick_reversal,recovery,hybrid,canonical,merge,single_asset,single_venue,False,False,False,False,False,0,liquidity_dislocation,liquidity_dislocation_events.parquet,wick_reversal_proxy_event,mean_reversion|stop_run_repair|overshoot_repair|only_if_liquidity|slippage_aware_filter,15m,vol_regime|carry_state|funding_bps|ms_trend_state|ms_spread_state|severity_bucket,500,"{""cooldown_bars"": 12, ""lookback_window"": 288, ""merge_gap_bars"": 0, ""min_occurrences"": 0, ""min_volume_quantile"": 0.2, ""z_threshold"": 3.0}"
ZSCORE_STRETCH,STATISTICAL_STRETCH_OVERSHOOT,STATISTICAL_DISLOCATION,True,ZScoreStretchDetector,True,statistical_stretch,crypto|futures,True,zscore_stretch,stretch,statistical,canonical,keep,single_asset,single_venue,False,False,False,False,False,0,statistical_dislocation,statistical_dislocation_events.parquet,zscore_stretch_event,mean_reversion|overshoot_repair|tail_risk_avoid,15m|60m,vol_regime|carry_state|funding_bps|ms_trend_state|ms_spread_state|severity_bucket,350,"{""band_z_threshold"": 3.0, ""cooldown_bars"": 12, ""lookback_window"": 288, ""merge_gap_bars"": 0, ""min_occurrences"": 0, ""zscore_quantile"": 0.96}"
