event_type,canonical_regime,canonical_family,default_executable,detector_band,planning_eligible,runtime_eligible,promotion_eligible,primary_anchor_eligible,detector,enabled,tags,instrument_classes,sequence_eligible,subtype,phase,evidence_mode,layer,disposition,asset_scope,venue_scope,research_only,strategy_only,is_composite,is_context_tag,is_strategy_construct,deconflict_priority,reports_dir,events_file,signal_column,templates,horizons,conditioning_cols,max_candidates_per_run,accel_lookback,accel_near_zero_cutoff,accel_quantile,alignment_window,anchor_quantile,auc_horizon_bars,band_z_threshold,basis_lookback,breakout_strength_min,breakout_window,breakout_z_threshold,cascade_window_bars,cluster_window,compression_quantile,compression_ratio_max,compression_window,context_max_entropy,context_min_confidence,cooldown_bars,cooldown_quantile,cooldown_ratio,crossover_confirm_bars,depth_quantile,desync_z_threshold,event_spacing_bars,expansion_quantile,expansion_z_threshold,funding_abs_quantile,funding_extreme_quantile,funding_pct_window,funding_quantile,htf_lookback,htf_window,imbalance_abs_quantile,interaction_min_rows_per_year,lead_lag_window,liq_cooldown_ratio,liq_multiplier,liquidation_abs_min,liquidation_cooldown_abs_max,liquidation_multiplier,liquidation_quantile,liquidation_spike_z_threshold,lookback_window,low_volume_quantile,max_gap,max_gap_bars,max_range_ratio,max_trend_persistence_bars,max_vacuum_bars,median_window,merge_gap_bars,min_basis_bps,min_breakout_distance,min_episode_oi_reduction_pct,min_event_spacing,min_events_calibration,min_flip_abs,min_hazard_events,min_history_bars,min_occurrences,min_pair_observations,min_periods,min_prior_extreme_abs,min_spacing,min_trend_duration_bars,min_vacuum_bars,min_volume_quantile,normalization_lookback,oi_change_z_threshold,oi_drop_abs_min,oi_drop_quantile,oi_window,persistence_bars,phase_tolerance_bars,post_cluster_lookback,post_horizon_bars,post_window,pre_window,price_quantile,pullback_quantile,pullback_window,range_expansion_threshold,range_multiplier,range_quantile,range_window,rebound_quantile,rebound_return_min,rebound_window,rebound_window_bars,regime_window,ret_quantile,ret_window,return_abs_min,return_quantile,reversal_alignment_window,reversal_quantile,reversal_window,revert_z,rv_decay_ratio,rv_peak_decay_ratio,rv_quantile,rv_window,session_range_quantile,session_vol_z_min,shock_change_quantile,shock_quantile,shock_quantiles,shock_threshold_mode,slippage_z_threshold,slope_fast_window,slope_slow_window,slow_trend_quantile,spike_z_th,spread_abs_min,spread_quantile,spread_z_threshold,threshold_bps,threshold_window,threshold_z,transition_z_threshold,trend_peak_multiplier,trend_quantile,trend_strength_ratio,trend_window,vol_burst_quantile,vol_lookback_window,vol_quantile,vol_ratio_floor,vol_surge_quantile,vol_window,volume_quantile,volume_window,wick_quantile,wick_ratio_min,window,window_end,z_threshold,zscore_quantile
ABSORPTION_PROXY,LIQUIDITY_STRESS,LIQUIDITY_DISLOCATION,True,composite_or_fragile,False,False,False,False,AbsorptionProxyDetector,True,,,True,absorption,persistence,hybrid,canonical,merge,single_asset,single_venue,False,False,False,False,False,0,liquidity_dislocation,liquidity_dislocation_events.parquet,absorption_proxy_event,mean_reversion|stop_run_repair|overshoot_repair|only_if_liquidity|slippage_aware_filter,15m,vol_regime|vol_phase|carry_state|funding_phase|oi_phase|price_oi_quadrant|forced_flow_phase|liquidity_phase|execution_friction|trend_phase|basis_phase|temporal_phase|data_quality_state|funding_bps|ms_trend_state|ms_spread_state|severity_bucket,600,,,,,,,,,,,,,,,,,,,96,,,,,,,,,,,,,,,0.25,,,,,,,,,,,,,,,,,,0,,,,,,,,288,0,,,,,,,,,,,,,,,,,,,,,,,,,,,,,,,,,,,,,,,,,0.9,,,,,,,,,,,,,,0.965,,,,,,,,,,,,,,,,,,,,288,,,
BAND_BREAK,STATISTICAL_STRETCH_OVERSHOOT,STATISTICAL_DISLOCATION,True,research_trigger,True,False,False,False,BandBreakDetector,True,statistical_stretch,crypto|futures,True,band_break,breakout,statistical,canonical,merge,single_asset,single_venue,False,False,False,False,False,0,statistical_dislocation,statistical_dislocation_events.parquet,band_break_event,mean_reversion|overshoot_repair|tail_risk_avoid,15m|60m,vol_regime|vol_phase|carry_state|funding_phase|oi_phase|price_oi_quadrant|forced_flow_phase|liquidity_phase|execution_friction|trend_phase|basis_phase|temporal_phase|data_quality_state|funding_bps|ms_trend_state|ms_spread_state|severity_bucket,350,,,,,,,3.0,,,,,,,,,,,,12,,,,,,,,,,,,,,,,,,,,,,,,,288,,,,,,,,0,,,,,,,,,0,,,,,,,,,,,,,,,,,,,,,,,,,,,,,,,,,,,,,,,,,,,,,,,,,,,,,,,,,,,,,,,,,,,,,,,,,,,,,,
BASIS_DISLOC,BASIS_FUNDING_DISLOCATION,BASIS_FUNDING_DISLOCATION,True,deployable_core,True,True,True,True,BasisDislocationDetector,True,basis_dislocation,crypto|futures,True,basis_dislocation,shock,statistical,canonical,merge,single_asset,cross_venue,False,False,False,False,False,0,basis_dislocation,basis_dislocation_events.parquet,basis_dislocation_event,basis_convergence|basis_funding_convergence,15m|60m,vol_regime|vol_phase|carry_state|funding_phase|oi_phase|price_oi_quadrant|forced_flow_phase|liquidity_phase|execution_friction|trend_phase|basis_phase|temporal_phase|data_quality_state|funding_bps|ms_trend_state|ms_spread_state|severity_bucket,350,,,,,,,,,,,,,,,,,,,12,,,,,,,,,,,,,,,,,,,,,,,,,288,,,,,,,,1,10.0,,,,,,,,0,,,,,,,,,,,,,,,,,,,,,,,,,,,,,,,,,,,,,,,,,,,,,,,,,,,,,,,,,,,,,,,,,,,,,,,,,,,,,5.0,
BETA_SPIKE_EVENT,REGIME_TRANSITION,REGIME_TRANSITION,True,research_trigger,True,False,True,True,BetaSpikeDetector,True,regime_shift,crypto|futures,True,beta_spike,transition,inferred_cross_asset,canonical,keep,cross_asset,multi_venue,False,False,False,False,False,0,regime_transition,regime_transition_events.parquet,beta_spike_event,only_if_regime|continuation|mean_reversion|drawdown_filter|tail_risk_avoid,60m,vol_regime|vol_phase|carry_state|funding_phase|oi_phase|price_oi_quadrant|forced_flow_phase|liquidity_phase|execution_friction|trend_phase|basis_phase|temporal_phase|data_quality_state|funding_bps|ms_trend_state|ms_spread_state|severity_bucket,350,,,,,,,,,,,,,,,,,,,48,,,,,,,,,,,,,,,,,,,,,,,,,,,,,,,,,0,,,,,,,,,0,,,,,,,,,,,,,,,,,,,,,,,,,,,,,,288,,,,,,,,,,,,,,,,,,,,,,,,,,,,,,2.5,,,,,,,,,,,,,,,,,,
BREAKOUT_TRIGGER,VOLATILITY_RELAXATION_COMPRESSION_RELEASE,VOLATILITY_TRANSITION,True,research_trigger,True,False,False,False,BreakoutTriggerDetector,True,vol_regime|trend_momentum,crypto|futures,True,breakout_trigger,breakout,hybrid,canonical,merge,single_asset,single_venue,False,False,False,False,False,0,volatility_transition,volatility_transition_events.parquet,breakout_trigger_event,mean_reversion|continuation|trend_continuation|volatility_expansion_follow|pullback_entry|only_if_regime,60m,vol_regime|vol_phase|carry_state|funding_phase|oi_phase|price_oi_quadrant|forced_flow_phase|liquidity_phase|execution_friction|trend_phase|basis_phase|temporal_phase|data_quality_state|funding_bps|ms_trend_state|ms_spread_state|severity_bucket,500,,,,,,,,,,,,,,,0.8,6,,,12,,,,,,,0.85,,,,,,,,,,,,,,,,,,,,,,,,,,0,,0.0015,,,,,,,0,,,,,,,,,,,,,,,,,,,,,,,,,,,,,,,,,,,,,,,,,,,,,,,,,,,,,,,,,,,,,,,,,,96,,,,,,,,,,,,
CHOP_TO_TREND_SHIFT,REGIME_TRANSITION,REGIME_TRANSITION,True,research_trigger,True,False,False,False,ChopToTrendDetector,True,regime_shift|trend_momentum,crypto|futures,True,chop_to_trend,transition,hybrid,canonical,keep,single_asset,single_venue,False,False,False,False,False,0,regime_transition,regime_transition_events.parquet,chop_to_trend_shift_event,only_if_regime|continuation|mean_reversion|drawdown_filter|tail_risk_avoid,60m,vol_regime|vol_phase|carry_state|funding_phase|oi_phase|price_oi_quadrant|forced_flow_phase|liquidity_phase|execution_friction|trend_phase|basis_phase|temporal_phase|data_quality_state|funding_bps|ms_trend_state|ms_spread_state|severity_bucket,350,,,,,,,,,,,,,,,,,,,48,,,,,,,,,,,,,,,,,,,,,,,,,,,,,,,,,0,,,,,,,,,0,,,,,,,,,,,,,,,,,,,,,,,,,,,,,,288,,,,,,,,,,,,,,,,,,,,,,,,,,,,,,2.5,,,,,,,,,,,,,,,,,,
CLIMAX_VOLUME_BAR,TREND_FAILURE_EXHAUSTION,FORCED_FLOW_AND_EXHAUSTION,True,research_trigger,True,False,False,False,ClimaxVolumeDetector,True,exhaustion|high_urgency,crypto|futures,True,climax_volume,exhaustion,hybrid,canonical,merge,single_asset,single_venue,False,False,False,False,False,0,forced_flow_and_exhaustion,forced_flow_and_exhaustion_events.parquet,climax_volume_bar_event,,60m,vol_regime|vol_phase|carry_state|funding_phase|oi_phase|price_oi_quadrant|forced_flow_phase|liquidity_phase|execution_friction|trend_phase|basis_phase|temporal_phase|data_quality_state|funding_bps|ms_trend_state|ms_spread_state|severity_bucket,500,,,,,,,,,,,,12,,,,,,,48,,,,,,,,,,,,,,,,,,,,,,,,3.0,,,,,,,,,0,,,,,,,,,0,,,,,,,,,,,,,,,,,,,,,,,,0.995,,,,,,,0.998,,,,,,,,,,,,,,,,,,,,,,,,,,,,,,,,,,,,0.992,,,,,,,,,,,
COPULA_PAIRS_TRADING,STATISTICAL_STRETCH_OVERSHOOT,STATISTICAL_DISLOCATION,False,composite_or_fragile,False,False,False,False,CopulaPairsTradingDetector,True,basis_dislocation,crypto|futures,True,copula_pairs_trading,strategy,statistical,strategy_construct,demote,cross_asset,multi_venue,False,True,False,False,True,0,copula_pairs,copula_pairs_events.parquet,copula_pairs_trading_event,mean_reversion|overshoot_repair|tail_risk_avoid,15m|60m,vol_regime|vol_phase|carry_state|funding_phase|oi_phase|price_oi_quadrant|forced_flow_phase|liquidity_phase|execution_friction|trend_phase|basis_phase|temporal_phase|data_quality_state|funding_bps|ms_trend_state|ms_spread_state|severity_bucket,350,,,,,,,,,,,,,,,,,,,12,,,,,,,,,,,,,,,,,,,,,,,,,288,,,,,,,,1,,,,,,,,,0,,,,,,,,,,,,,,,,,,,,,,,,,,,,,,,,,,,,,,,,,,,,,,,,,,,,,,,,,,,,,,,,,,,,,,,,,,,,,,
CORRELATION_BREAKDOWN_EVENT,REGIME_TRANSITION,REGIME_TRANSITION,True,research_trigger,True,False,True,True,CorrelationBreakdownDetector,True,regime_shift,crypto|futures,True,correlation_breakdown,transition,inferred_cross_asset,canonical,keep,cross_asset,multi_venue,False,False,False,False,False,0,regime_transition,regime_transition_events.parquet,correlation_breakdown_event,only_if_regime|continuation|mean_reversion|drawdown_filter|tail_risk_avoid,60m,vol_regime|vol_phase|carry_state|funding_phase|oi_phase|price_oi_quadrant|forced_flow_phase|liquidity_phase|execution_friction|trend_phase|basis_phase|temporal_phase|data_quality_state|funding_bps|ms_trend_state|ms_spread_state|severity_bucket,350,,,,,,,,,,,,,,,,,,,48,,,,,,,,,,,,,,,,,,,,,,,,,,,,,,,,,0,,,,,,,,,0,,,,,,,,,,,,,,,,,,,,,,,,,,,,,,288,,,,,,,,,,,,,,,,,,,,,,,,,,,,,,2.5,,,,,,,,,,,,,,,,,,
CROSS_ASSET_DESYNC_EVENT,CROSS_ASSET_DESYNCHRONIZATION,INFORMATION_DESYNC,True,context_only,True,False,False,False,CrossAssetDesyncDetector,True,desync,crypto|futures,True,cross_asset_desync,divergence,inferred_cross_asset,canonical,keep,cross_asset,multi_venue,False,False,False,False,False,0,cross_asset_desync_event,cross_asset_desync_event_events.parquet,cross_asset_desync_event,desync_repair|convergence|basis_repair|lead_lag_follow|divergence_continuation,5m|15m|60m,vol_regime|vol_phase|carry_state|funding_phase|oi_phase|price_oi_quadrant|forced_flow_phase|liquidity_phase|execution_friction|trend_phase|basis_phase|temporal_phase|data_quality_state|funding_bps|ms_trend_state|ms_spread_state|severity_bucket,600,,,,,,,,,,,,,,,,,,,24,,,,,,,,,,,,,,,,,,,,,,,,,2880,,,,,,,,1,,,,,,,,,0,96,,,,,,,,,,,,,,,,,,,,,,,,,,,,,,,,,,,,,,,,,,,,,,,,,,,,,,,,,,3.0,,,,,,,,,,,,,,,,,,,
CROSS_VENUE_DESYNC,BASIS_FUNDING_DISLOCATION,INFORMATION_DESYNC,True,research_trigger,True,False,True,True,CrossVenueDesyncDetector,True,desync,crypto|futures,True,cross_venue_desync,persistence,inferred_cross_asset,canonical,merge,single_asset,cross_venue,False,False,False,False,False,0,cross_venue_desync,cross_venue_desync_events.parquet,cross_venue_desync_event,desync_repair|convergence|basis_repair|lead_lag_follow|divergence_continuation,5m|15m|60m,vol_regime|vol_phase|carry_state|funding_phase|oi_phase|price_oi_quadrant|forced_flow_phase|liquidity_phase|execution_friction|trend_phase|basis_phase|temporal_phase|data_quality_state|funding_bps|ms_trend_state|ms_spread_state|severity_bucket,600,,,,,0.995,,,96,,,,,,,,,,,0,,,,,,,,,,,,,,,,,,,,,,,,,,,,,,,,,1,35.0,,,,,,,,0,,,,,,,,,,,,,2,,,,,,,,,,,,,,,,,,,,,,,,,0.5,,,,,,,,,,,,,,,,,,,,,,,,,,,,,,,,,,,,,,32,,
DELEVERAGING_WAVE,POSITIONING_UNWIND_DELEVERAGING,POSITIONING_EXTREMES,True,research_trigger,True,False,False,False,DeleveragingWaveDetector,True,forced_liquidation|oi_dynamic,crypto|futures,True,deleveraging_wave,unwind,hybrid,canonical,keep,single_asset,single_venue,False,False,False,False,False,0,positioning_extremes,positioning_extremes_events.parquet,deleveraging_wave_event,reversal_or_squeeze|mean_reversion|continuation|exhaustion_reversal|convexity_capture|only_if_funding|only_if_oi|tail_risk_avoid,5m|60m,vol_regime|vol_phase|carry_state|funding_phase|oi_phase|price_oi_quadrant|forced_flow_phase|liquidity_phase|execution_friction|trend_phase|basis_phase|temporal_phase|data_quality_state|funding_bps|ms_trend_state|ms_spread_state|severity_bucket,500,,,,,,,,,,,,,,,,,,,24,,,,,,,,,,0.99,,,,,,,,,,,,,,,,,,,,,,,0,,,,,,,,,0,,,,,,,,,3.0,,,,,,,,,,,,,,,,,,,,,,,,,,,,,,,,,,,,,,,,,,,,,,,,,,,,,,,,,,,,,,,,,,,,,
DEPTH_COLLAPSE,LIQUIDITY_STRESS,LIQUIDITY_DISLOCATION,True,research_trigger,True,False,True,False,DepthCollapseDetector,True,liquidity_stress,crypto|futures,True,depth_collapse,collapse,direct,canonical,merge,single_asset,single_venue,False,False,False,False,False,0,liquidity_dislocation,liquidity_dislocation_events.parquet,depth_collapse_event,liquidity_refill_repair|stop_run_repair|overshoot_repair|only_if_liquidity|slippage_aware_filter,15m,vol_regime|vol_phase|carry_state|funding_phase|oi_phase|price_oi_quadrant|forced_flow_phase|liquidity_phase|execution_friction|trend_phase|basis_phase|temporal_phase|data_quality_state|funding_bps|ms_trend_state|ms_spread_state|severity_bucket,600,,,,,,,,,,,,,,,,,,,12,,,,,,,,,,,,,,,,,,,,,,,,,288,,,,,,,,0,,,,,,,,,0,,,,,,,0.2,,,,,,,,,,,,,,,,,,,,,,,,,,,,,,,,,,,,,,,,,,,,,,,,,,,,,,,,,,,,,,,,,,,,,,3.0,
DEPTH_STRESS_PROXY,LIQUIDITY_STRESS,LIQUIDITY_DISLOCATION,True,composite_or_fragile,False,False,False,False,DepthStressProxyDetector,True,,,True,depth_collapse,collapse,hybrid,canonical,merge,single_asset,single_venue,False,False,False,False,False,0,liquidity_dislocation,liquidity_dislocation_events.parquet,depth_stress_proxy_event,mean_reversion|continuation|stop_run_repair|overshoot_repair|only_if_liquidity|slippage_aware_filter,15m,vol_regime|vol_phase|carry_state|funding_phase|oi_phase|price_oi_quadrant|forced_flow_phase|liquidity_phase|execution_friction|trend_phase|basis_phase|temporal_phase|data_quality_state|funding_bps|ms_trend_state|ms_spread_state|severity_bucket,600,,,,,,,,,,,,,,,,,,,96,,,,0.93,,,,,,,,,,,,,,,,,,,,,,,,,,,,,0,,,,,,,,288,0,,,,,,,,,,,,,,,,,,,,,,,,,,,,,,,,,,,,,,,,,0.9,,,,,,,,,,,,,,0.99,,,,,,,,,,,,,,,,,,,,288,,,
FAILED_CONTINUATION,TREND_FAILURE_EXHAUSTION,FORCED_FLOW_AND_EXHAUSTION,True,research_trigger,True,False,False,False,FailedContinuationDetector,True,exhaustion,crypto|futures,True,failed_continuation,failure,hybrid,canonical,keep,single_asset,single_venue,False,False,False,False,False,0,forced_flow_and_exhaustion,forced_flow_and_exhaustion_events.parquet,failed_continuation_event,,60m,vol_regime|vol_phase|carry_state|funding_phase|oi_phase|price_oi_quadrant|forced_flow_phase|liquidity_phase|execution_friction|trend_phase|basis_phase|temporal_phase|data_quality_state|funding_bps|ms_trend_state|ms_spread_state|severity_bucket,500,,,,,,,,,0.003,48,,,,,,,,,24,,,,,,,,,,,,,,,,,,,,,,,,,,,,,,,,,0,,,,,,,,,0,,,,,,,,,,,,,,,,,,,,,,,,,,,,,,,,,,,,,12,,,,,,,,,,,,,,,,,,,,,,,,,,,,,,,,,,,,,,,,,
FALSE_BREAKOUT,TREND_FAILURE_EXHAUSTION,TREND_STRUCTURE,True,research_trigger,True,False,False,False,FalseBreakoutDetector,True,trend_momentum|exhaustion,crypto|futures,True,false_breakout,failure,hybrid,canonical,merge,single_asset,single_venue,False,False,False,False,False,0,trend_structure,trend_structure_events.parquet,false_breakout_event,breakout_followthrough|false_breakout_reversal|pullback_entry|trend_continuation|continuation|only_if_trend,15m|60m,vol_regime|vol_phase|carry_state|funding_phase|oi_phase|price_oi_quadrant|forced_flow_phase|liquidity_phase|execution_friction|trend_phase|basis_phase|temporal_phase|data_quality_state|funding_bps|ms_trend_state|ms_spread_state|severity_bucket,450,,,,,,,,,,,2.5,,,,,,,,12,,,,,,,,,,,,,,,,,,,,,,,,,,,,,8.0,,,,0,,,,,,,,,0,,,,,,,,,,,,,,,,,,,,,,,,,,,,,,,,,,,,,,,,,,,,,,,,,,,,,,,,,,,,,,,,288,,,,,,,,,,,,,,
FEE_REGIME_CHANGE_EVENT,EXECUTION_FRICTION,EXECUTION_FRICTION,True,research_trigger,True,False,False,False,FeeRegimeChangeDetector,True,execution_cost,crypto|futures,True,fee_regime_change,transition,direct,canonical,keep,single_asset,single_venue,False,False,False,False,False,0,execution_friction,execution_friction_events.parquet,fee_regime_change_event,slippage_aware_filter|tail_risk_avoid,5m|15m,vol_regime|vol_phase|carry_state|funding_phase|oi_phase|price_oi_quadrant|forced_flow_phase|liquidity_phase|execution_friction|trend_phase|basis_phase|temporal_phase|data_quality_state|funding_bps|ms_trend_state|ms_spread_state|severity_bucket,300,,,,,,,,,,,,,,,,,,,12,,,,,,,,,,,,,,,,,,,,,,,,,,,,,,,,,0,,,,,,,,,0,,,,,,,,,,,,,,,,,,,,,,,,,,,,,,,,,,,,,,,,,,,,,,,,,3.0,,,,,,,3.0,,,,,,,,,,,,,,,,,,,,,,
FLOW_EXHAUSTION_PROXY,TREND_FAILURE_EXHAUSTION,FORCED_FLOW_AND_EXHAUSTION,True,composite_or_fragile,False,False,False,False,FlowExhaustionDetector,True,,,True,flow_exhaustion,exhaustion,hybrid,canonical,merge,single_asset,single_venue,False,False,False,False,False,0,forced_flow_and_exhaustion,forced_flow_and_exhaustion_events.parquet,flow_exhaustion_proxy_event,,60m,vol_regime|vol_phase|carry_state|funding_phase|oi_phase|price_oi_quadrant|forced_flow_phase|liquidity_phase|execution_friction|trend_phase|basis_phase|temporal_phase|data_quality_state|funding_bps|ms_trend_state|ms_spread_state|severity_bucket,500,,,,,,,,,,,,,,,,,,,12,,,,,,,,,,,,,,,,,,,,25.0,,0.9,0.85,,288,,,,,,,,0,,,,,,,,,0,,,,24,,,,,,5.0,0.8,,,,,,,,,,,,,,,,,6,,,,,0.0025,0.75,,0.65,3,,0.99,,,,,,,,,,,,,,,5.0,0.7,,,2880,,,,,,,,,,,,,,,,,,,3.0,
FND_DISLOC,BASIS_FUNDING_DISLOCATION,BASIS_FUNDING_DISLOCATION,True,deployable_core,True,True,True,True,FndDislocDetector,True,basis_dislocation,crypto|futures,True,funding_dislocation,shock,direct,canonical,merge,single_asset,cross_venue,False,False,False,False,False,0,funding_dislocation,funding_dislocation_events.parquet,funding_dislocation_event,basis_funding_convergence|basis_convergence,15m|60m,vol_regime|vol_phase|carry_state|funding_phase|oi_phase|price_oi_quadrant|forced_flow_phase|liquidity_phase|execution_friction|trend_phase|basis_phase|temporal_phase|data_quality_state|funding_bps|ms_trend_state|ms_spread_state|severity_bucket,350,,,,3,,,,,,,,,,,,,,,12,,,,,,,,,,,,0.95,,,,,,,,,,,,,,,,,,,,,1,5.0,,,,,,,,0,,,,,,,,,,,,,,,,,,,,,,,,,,,,,,,,,,,,,,,,,,,,,,,,,,,,,,,,,2.0,,,,,,,,,,,,,,,,,,,,,
FORCED_FLOW_EXHAUSTION,TREND_FAILURE_EXHAUSTION,FORCED_FLOW_AND_EXHAUSTION,True,research_trigger,True,False,False,False,ForcedFlowExhaustionDetector,True,exhaustion|forced_liquidation,crypto|futures,True,forced_flow_exhaustion,exhaustion,hybrid,canonical,keep,single_asset,single_venue,False,False,False,False,False,0,directional_exhaustion_after_forced_flow,directional_exhaustion_after_forced_flow_events.parquet,forced_flow_exhaustion_event,,60m,vol_regime|vol_phase|carry_state|funding_phase|oi_phase|price_oi_quadrant|forced_flow_phase|liquidity_phase|execution_friction|trend_phase|basis_phase|temporal_phase|data_quality_state|funding_bps|ms_trend_state|ms_spread_state|severity_bucket,500,,,,,0.99,,,,,,,,,,,,,,0,,,,,,,,,,,,,,,,,,,,25.0,,0.9,0.92,,,,,,,,,,1,,,,,,,,,0,,,,32,,,,,,5.0,0.88,,,,,,,,,,,,,,,,,6,,,,,0.0025,0.8,,0.65,3,,0.99,,,,,,,,,,,,,,,5.0,0.7,,,2880,,,,,,,,,,,,,,,,,,32,,
FUNDING_EXTREME_ONSET,BASIS_FUNDING_DISLOCATION,POSITIONING_EXTREMES,True,research_trigger,True,False,True,True,FundingExtremeOnsetDetector,True,funding_crowding,crypto|futures,True,funding_extreme,onset,direct,canonical,merge,single_asset,cross_venue,False,False,False,False,False,0,funding_events,funding_episode_events.parquet,funding_extreme_onset_event,reversal_or_squeeze|mean_reversion|continuation|exhaustion_reversal|convexity_capture|only_if_funding|only_if_oi|only_if_regime|only_if_highvol|tail_risk_avoid,5m|60m,vol_regime|vol_phase|carry_state|funding_phase|oi_phase|price_oi_quadrant|forced_flow_phase|liquidity_phase|execution_friction|trend_phase|basis_phase|temporal_phase|data_quality_state|funding_bps|ms_trend_state|ms_spread_state|severity_bucket,500,32,5,0.995,,,,,,,,,,,,,,,,96,,,4,,,,,,,,2880,,96,384,,150,,,,,,,,,,,,,,,,,1,,,,96,,,50,,0,,,,,,,,96,,,,,3,16,,,96,96,,,,,,,,,,,,,,,,,,,,,,,,,,,,,,,,,,,,,,,,,,,,,,,0.9,,,,,,,,,,,,,
FUNDING_FLIP,BASIS_FUNDING_DISLOCATION,POSITIONING_EXTREMES,True,research_trigger,True,False,True,True,FundingFlipDetector,True,funding_crowding|high_urgency,crypto|futures,True,funding_flip,flip,direct,canonical,merge,single_asset,cross_venue,False,False,False,False,False,0,positioning_extremes,positioning_extremes_events.parquet,funding_flip_event,reversal_or_squeeze|mean_reversion|continuation|exhaustion_reversal|convexity_capture|only_if_funding|only_if_oi|tail_risk_avoid,5m|60m,vol_regime|vol_phase|carry_state|funding_phase|oi_phase|price_oi_quadrant|forced_flow_phase|liquidity_phase|execution_friction|trend_phase|basis_phase|temporal_phase|data_quality_state|funding_bps|ms_trend_state|ms_spread_state|severity_bucket,500,,,,,,,,,,,,,,,,,,,24,,,,,,,,,,0.99,,,,,,,,,,,,,,,,,,,,,,,0,,,,,,0.00025,,,0,,,,24,,,,,3.0,,,,2,,,,,,,,,,,,,,,,,,,,,,,,,,,,,,,,,,,,,,,,,,,,,,,,,,,,,,,,,,,,,,,,,
FUNDING_FLIP_TO_NEGATIVE,BASIS_FUNDING_DISLOCATION,POSITIONING_EXTREMES,False,,False,False,False,False,FundingFlipDetector,False,,,True,funding_flip_to_negative,flip,direct,research_placeholder,rename,single_asset,cross_venue,False,False,False,False,False,0,positioning_extremes,positioning_extremes_events.parquet,funding_flip_event,carry_unwind_reversal|tail_risk_avoid,5m|60m,vol_regime|vol_phase|carry_state|funding_phase|oi_phase|price_oi_quadrant|forced_flow_phase|liquidity_phase|execution_friction|trend_phase|basis_phase|temporal_phase|data_quality_state|funding_bps|ms_trend_state|ms_spread_state|severity_bucket,250,,,,,,,,,,,,,,,,,,,0,,,,,,,,,,,,,,,,,,,,,,,,,,,,,,,,,1,,,,,,,,,0,,,,,,,,,,,,,,,,,,,,,,,,,,,,,,,,,,,,,,,,,,,,,,,,,,,,,,,,,,,,,,,,,,,,,,,,,,,,,,
FUNDING_FLIP_TO_POSITIVE,BASIS_FUNDING_DISLOCATION,POSITIONING_EXTREMES,False,,False,False,False,False,FundingFlipDetector,False,,,True,funding_flip_to_positive,flip,direct,research_placeholder,rename,single_asset,cross_venue,False,False,False,False,False,0,positioning_extremes,positioning_extremes_events.parquet,funding_flip_event,carry_unwind_reversal|tail_risk_avoid,5m|60m,vol_regime|vol_phase|carry_state|funding_phase|oi_phase|price_oi_quadrant|forced_flow_phase|liquidity_phase|execution_friction|trend_phase|basis_phase|temporal_phase|data_quality_state|funding_bps|ms_trend_state|ms_spread_state|severity_bucket,250,,,,,,,,,,,,,,,,,,,0,,,,,,,,,,,,,,,,,,,,,,,,,,,,,,,,,1,,,,,,,,,0,,,,,,,,,,,,,,,,,,,,,,,,,,,,,,,,,,,,,,,,,,,,,,,,,,,,,,,,,,,,,,,,,,,,,,,,,,,,,,
FUNDING_NEG_EXTREME_ONSET,BASIS_FUNDING_DISLOCATION,POSITIONING_EXTREMES,False,,False,False,False,False,FundingExtremeOnsetDetector,False,,,True,funding_negative_extreme_onset,onset,direct,research_placeholder,rename,single_asset,cross_venue,False,False,False,False,False,0,funding_events,funding_episode_events.parquet,funding_extreme_onset_event,carry_unwind_reversal|only_if_funding|tail_risk_avoid,60m,vol_regime|vol_phase|carry_state|funding_phase|oi_phase|price_oi_quadrant|forced_flow_phase|liquidity_phase|execution_friction|trend_phase|basis_phase|temporal_phase|data_quality_state|funding_bps|ms_trend_state|ms_spread_state|severity_bucket,250,,,,,,,,,,,,,,,,,,,0,,,,,,,,,,,,,,,,,,,,,,,,,,,,,,,,,1,,,,,,,,,0,,,,,,,,,,,,,,,,,,,,,,,,,,,,,,,,,,,,,,,,,,,,,,,,,,,,,,,,,,,,,,,,,,,,,,,,,,,,,,
FUNDING_NEG_NORMALIZATION,BASIS_FUNDING_DISLOCATION,POSITIONING_EXTREMES,False,,False,False,False,False,FundingNormalizationDetector,False,,,True,funding_negative_normalization,normalization,direct,research_placeholder,rename,single_asset,cross_venue,False,False,False,False,False,0,funding_events,funding_episode_events.parquet,funding_normalization_event,carry_unwind_reversal|only_if_funding|tail_risk_avoid,60m,vol_regime|vol_phase|carry_state|funding_phase|oi_phase|price_oi_quadrant|forced_flow_phase|liquidity_phase|execution_friction|trend_phase|basis_phase|temporal_phase|data_quality_state|funding_bps|ms_trend_state|ms_spread_state|severity_bucket,250,,,,,,,,,,,,,,,,,,,0,,,,,,,,,,,,,,,,,,,,,,,,,,,,,,,,,1,,,,,,,,,0,,,,,,,,,,,,,,,,,,,,,,,,,,,,,,,,,,,,,,,,,,,,,,,,,,,,,,,,,,,,,,,,,,,,,,,,,,,,,,
FUNDING_NEG_PERSISTENCE,BASIS_FUNDING_DISLOCATION,POSITIONING_EXTREMES,False,,False,False,False,False,FundingPersistenceDetector,False,,,True,funding_negative_persistence,persistence,direct,research_placeholder,rename,single_asset,cross_venue,False,False,False,False,False,0,funding_events,funding_episode_events.parquet,funding_persistence_event,carry_unwind_reversal|carry_continuation_confirmed|squeeze_followthrough_confirmed|only_if_funding|only_if_oi|tail_risk_avoid,5m|60m,vol_regime|vol_phase|carry_state|funding_phase|oi_phase|price_oi_quadrant|forced_flow_phase|liquidity_phase|execution_friction|trend_phase|basis_phase|temporal_phase|data_quality_state|funding_bps|ms_trend_state|ms_spread_state|severity_bucket,250,,,,,,,,,,,,,,,,,,,0,,,,,,,,,,,,,,,,,,,,,,,,,,,,,,,,,1,,,,,,,,,0,,,,,,,,,,,,,,,,,,,,,,,,,,,,,,,,,,,,,,,,,,,,,,,,,,,,,,,,,,,,,,,,,,,,,,,,,,,,,,
FUNDING_NORMALIZATION_TRIGGER,BASIS_FUNDING_DISLOCATION,POSITIONING_EXTREMES,True,research_trigger,True,False,True,False,FundingNormalizationDetector,True,funding_crowding,crypto|futures,True,funding_normalization,normalization,direct,canonical,merge,single_asset,cross_venue,False,False,False,False,False,0,funding_events,funding_episode_events.parquet,funding_normalization_event,reversal_or_squeeze|mean_reversion|continuation|exhaustion_reversal|convexity_capture|only_if_funding|only_if_oi|tail_risk_avoid,60m,vol_regime|vol_phase|carry_state|funding_phase|oi_phase|price_oi_quadrant|forced_flow_phase|liquidity_phase|execution_friction|trend_phase|basis_phase|temporal_phase|data_quality_state|funding_bps|ms_trend_state|ms_spread_state|severity_bucket,500,32,5,0.995,,,,,,,,,,,,,,,,96,,,4,,,,,,,,2880,,96,384,,150,,,,,,,,,,,,,,,,,1,,,,96,,,50,,0,,,0.0004,,,,,96,,,,,12,16,,,96,96,,,,,,,,,,,,,,,,,,,,,,,,,,,,,,,,,,,,,,,,,,,,,,,0.9,,,,,,,,,,,,,
FUNDING_PERSISTENCE_TRIGGER,BASIS_FUNDING_DISLOCATION,POSITIONING_EXTREMES,True,research_trigger,True,False,True,True,FundingPersistenceDetector,True,funding_crowding,crypto|futures,True,funding_persistence,persistence,direct,canonical,merge,single_asset,cross_venue,False,False,False,False,False,0,funding_events,funding_episode_events.parquet,funding_persistence_event,carry_unwind_reversal|carry_continuation_confirmed|squeeze_followthrough_confirmed|only_if_funding|only_if_oi|tail_risk_avoid|only_if_regime,5m|60m,vol_regime|vol_phase|carry_state|funding_phase|oi_phase|price_oi_quadrant|forced_flow_phase|liquidity_phase|execution_friction|trend_phase|basis_phase|temporal_phase|data_quality_state|funding_bps|ms_trend_state|ms_spread_state|severity_bucket,500,32,5,0.995,,,,,,,,,,,,,,,,576,,,4,,,,,,,,2880,,96,384,,150,,,,,,,,,,,,,,,,,1,,,,576,,,50,,0,,,,576,,,,96,,,,,12,16,,,96,96,,,,,,,,,,,,,,,,,,,,,,,,,,,,,,,,,,,,,,,,,,,,,,,0.9,,,,,,,,,,,,,
FUNDING_POS_EXTREME_ONSET,BASIS_FUNDING_DISLOCATION,POSITIONING_EXTREMES,False,,False,False,False,False,FundingExtremeOnsetDetector,False,,,True,funding_positive_extreme_onset,onset,direct,research_placeholder,rename,single_asset,cross_venue,False,False,False,False,False,0,funding_events,funding_episode_events.parquet,funding_extreme_onset_event,carry_unwind_reversal|only_if_funding|tail_risk_avoid,60m,vol_regime|vol_phase|carry_state|funding_phase|oi_phase|price_oi_quadrant|forced_flow_phase|liquidity_phase|execution_friction|trend_phase|basis_phase|temporal_phase|data_quality_state|funding_bps|ms_trend_state|ms_spread_state|severity_bucket,250,,,,,,,,,,,,,,,,,,,0,,,,,,,,,,,,,,,,,,,,,,,,,,,,,,,,,1,,,,,,,,,0,,,,,,,,,,,,,,,,,,,,,,,,,,,,,,,,,,,,,,,,,,,,,,,,,,,,,,,,,,,,,,,,,,,,,,,,,,,,,,
FUNDING_POS_NORMALIZATION,BASIS_FUNDING_DISLOCATION,POSITIONING_EXTREMES,False,,False,False,False,False,FundingNormalizationDetector,False,,,True,funding_positive_normalization,normalization,direct,research_placeholder,rename,single_asset,cross_venue,False,False,False,False,False,0,funding_events,funding_episode_events.parquet,funding_normalization_event,carry_unwind_reversal|only_if_funding|tail_risk_avoid,60m,vol_regime|vol_phase|carry_state|funding_phase|oi_phase|price_oi_quadrant|forced_flow_phase|liquidity_phase|execution_friction|trend_phase|basis_phase|temporal_phase|data_quality_state|funding_bps|ms_trend_state|ms_spread_state|severity_bucket,250,,,,,,,,,,,,,,,,,,,0,,,,,,,,,,,,,,,,,,,,,,,,,,,,,,,,,1,,,,,,,,,0,,,,,,,,,,,,,,,,,,,,,,,,,,,,,,,,,,,,,,,,,,,,,,,,,,,,,,,,,,,,,,,,,,,,,,,,,,,,,,
FUNDING_POS_PERSISTENCE,BASIS_FUNDING_DISLOCATION,POSITIONING_EXTREMES,False,,False,False,False,False,FundingPersistenceDetector,False,,,True,funding_positive_persistence,persistence,direct,research_placeholder,rename,single_asset,cross_venue,False,False,False,False,False,0,funding_events,funding_episode_events.parquet,funding_persistence_event,carry_unwind_reversal|carry_continuation_confirmed|squeeze_followthrough_confirmed|only_if_funding|only_if_oi|tail_risk_avoid,5m|60m,vol_regime|vol_phase|carry_state|funding_phase|oi_phase|price_oi_quadrant|forced_flow_phase|liquidity_phase|execution_friction|trend_phase|basis_phase|temporal_phase|data_quality_state|funding_bps|ms_trend_state|ms_spread_state|severity_bucket,250,,,,,,,,,,,,,,,,,,,0,,,,,,,,,,,,,,,,,,,,,,,,,,,,,,,,,1,,,,,,,,,0,,,,,,,,,,,,,,,,,,,,,,,,,,,,,,,,,,,,,,,,,,,,,,,,,,,,,,,,,,,,,,,,,,,,,,,,,,,,,,
FUNDING_TIMESTAMP_EVENT,SCHEDULED_TEMPORAL_WINDOW,TEMPORAL_STRUCTURE,False,context_only,True,False,False,False,FundingTimestampDetector,True,temporal_anchor|funding_crowding,crypto|futures,True,funding_timestamp,window,contextual,context_tag,demote,multi_asset,market_wide,False,False,False,True,False,0,temporal_structure,temporal_structure_events.parquet,funding_timestamp_event,mean_reversion|continuation,5m|15m,vol_regime|vol_phase|carry_state|funding_phase|oi_phase|price_oi_quadrant|forced_flow_phase|liquidity_phase|execution_friction|trend_phase|basis_phase|temporal_phase|data_quality_state|funding_bps|ms_trend_state|ms_spread_state|severity_bucket,300,,,,,,,,,,,,,,,,,,,12,,,,,,288,,,0.0,,,,,,,,,,,,,,,,,,,,,,,,0,,,,,,,,,0,,,,,,,,,,,,,,,,,,,,,,,,,,,,,,,,,,,,,,,,,,,,,,,,,,,,,,,,,,,,,,,,,,,,,,,,,,,,,,
GAP_OVERSHOOT,STATISTICAL_STRETCH_OVERSHOOT,STATISTICAL_DISLOCATION,True,research_trigger,True,False,False,False,GapOvershootDetector,True,statistical_stretch,crypto|futures,True,gap_overshoot,overshoot,statistical,canonical,keep,single_asset,single_venue,False,False,False,False,False,0,statistical_dislocation,statistical_dislocation_events.parquet,gap_overshoot_event,mean_reversion|overshoot_repair|tail_risk_avoid,15m|60m,vol_regime|vol_phase|carry_state|funding_phase|oi_phase|price_oi_quadrant|forced_flow_phase|liquidity_phase|execution_friction|trend_phase|basis_phase|temporal_phase|data_quality_state|funding_bps|ms_trend_state|ms_spread_state|severity_bucket,350,,,,,,,3.0,,,,,,,,,,,,12,,,,,,,,,,,,,,,,,,,,,,,,,288,,,,,,,,0,,,,,,,,,0,,,,,,,,,,,,,,,,,,,,,,,,,,,,,,,,,,0.995,,,,,,,,,,,,,,,,,,,,,,,,,,,,,,,,,,,,,,,,,,,,
INDEX_COMPONENT_DIVERGENCE,CROSS_ASSET_DESYNCHRONIZATION,INFORMATION_DESYNC,True,research_trigger,True,False,True,True,IndexComponentDivergenceDetector,True,desync,crypto|futures,True,index_component_divergence,divergence,inferred_cross_asset,canonical,keep,cross_asset,multi_venue,False,False,False,False,False,0,information_desync,information_desync_events.parquet,index_component_divergence_event,desync_repair|convergence|basis_repair|lead_lag_follow|divergence_continuation,5m|15m|60m,vol_regime|vol_phase|carry_state|funding_phase|oi_phase|price_oi_quadrant|forced_flow_phase|liquidity_phase|execution_friction|trend_phase|basis_phase|temporal_phase|data_quality_state|funding_bps|ms_trend_state|ms_spread_state|severity_bucket,500,,,,,,,,,,,,,,,,,,,12,,,,,3.0,,,,,,,,,,,,60,,,,,,,,,,,,,,,,0,,,,,,,,,0,,,,,,,,,,,,,,,,,,,,,,,,,,,,,,,,,,,,,,,,,,,,,,,,,,,,,,,,,,,,,,,,,,,,,,,,,,,,,,
LEAD_LAG_BREAK,CROSS_ASSET_DESYNCHRONIZATION,INFORMATION_DESYNC,True,research_trigger,True,False,True,True,LeadLagBreakDetector,True,desync,crypto|futures,True,lead_lag_break,divergence,inferred_cross_asset,canonical,keep,cross_asset,multi_venue,False,False,False,False,False,0,information_desync,information_desync_events.parquet,lead_lag_break_event,desync_repair|convergence|basis_repair|lead_lag_follow|divergence_continuation,5m|15m|60m,vol_regime|vol_phase|carry_state|funding_phase|oi_phase|price_oi_quadrant|forced_flow_phase|liquidity_phase|execution_friction|trend_phase|basis_phase|temporal_phase|data_quality_state|funding_bps|ms_trend_state|ms_spread_state|severity_bucket,500,,,,,,,,,,,,,,,,,,,12,,,,,3.0,,,,,,,,,,,,60,,,,,,,,,,,,,,,,0,,,,,,,,,0,,,,,,,,,,,,,,,,,,,,,,,,,,,,,,,,,,,,,,,,,,,,,,,,,,,,,,,,,,,,,,,,,,,,,,,,,,,,,,
LIQUIDATION_CASCADE,LIQUIDATION_CASCADE,FORCED_FLOW_AND_EXHAUSTION,True,deployable_core,True,True,True,True,LiquidationCascadeDetector,True,forced_liquidation|high_urgency,crypto|futures,True,liquidation_cascade,cascade,direct,canonical,keep,single_asset,single_venue,False,False,False,False,False,0,liquidation_cascade,liquidation_cascade_events.parquet,liquidation_cascade_event,,5m|15m|60m,vol_regime|vol_phase|carry_state|funding_phase|oi_phase|price_oi_quadrant|forced_flow_phase|liquidity_phase|execution_friction|trend_phase|basis_phase|temporal_phase|data_quality_state|funding_bps|ms_trend_state|ms_spread_state|severity_bucket,1000,,,,,,,,,,,,,,,,,,,0,,,,,,,,,,,,,,,,,,,3.0,,,,,,,,6,,,,,288,1,,,,,,,,,0,,24,,,,,,,,,,,,,,,,,,,,,,,,,,,,,,,,,,,,,,,,,,,,,,,,,,,,,,,,,,,,,,,,,,,,,,,,,,,,
LIQUIDATION_CASCADE_PROXY,LIQUIDATION_CASCADE,POSITIONING_EXTREMES,True,composite_or_fragile,True,False,True,True,LiquidationCascadeProxyDetector,True,oi_dynamic|liquidation_proxy,crypto|futures,True,liquidation_cascade_proxy,onset,proxy,canonical,merge,single_asset,single_venue,False,False,False,False,False,0,liquidation_events,liquidation_cascade_proxy_events.parquet,liquidation_cascade_proxy_event,reversal_or_squeeze|mean_reversion|continuation|exhaustion_reversal|convexity_capture|only_if_funding|only_if_oi|tail_risk_avoid,5m|15m|60m,vol_regime|vol_phase|carry_state|funding_phase|oi_phase|price_oi_quadrant|forced_flow_phase|liquidity_phase|execution_friction|trend_phase|basis_phase|temporal_phase|data_quality_state|funding_bps|ms_trend_state|ms_spread_state|severity_bucket,300,,,,,,,,,,,,,,,,,,,0,,,,,,,,,,,,,,,,,,,,,,,,,,,1,,,,,,1,,,0.0,,,,,,0,,24,,,,,,,,,0.997,288,,,,,,,,,,,,,,,,,,,,3,,,,,,,,,,,,,,,,,,,,,,,,,,,,,,,,,,,,,0.9,288,,,,,,,,
LIQUIDATION_EXHAUSTION_REVERSAL,FORCED_FLOW_EXHAUSTION,FORCED_FLOW_AND_EXHAUSTION,False,research_trigger,True,False,False,False,PostDeleveragingReboundDetector,False,forced_liquidation,crypto|futures,True,liquidation_exhaustion_reversal,recovery,hybrid,canonical,merge,single_asset,single_venue,False,False,False,False,False,0,forced_flow_and_exhaustion,forced_flow_and_exhaustion_events.parquet,liquidation_exhaustion_reversal_event,,60m,vol_regime|vol_phase|carry_state|funding_phase|oi_phase|price_oi_quadrant|forced_flow_phase|liquidity_phase|execution_friction|trend_phase|basis_phase|temporal_phase|data_quality_state|funding_bps|ms_trend_state|ms_spread_state|severity_bucket,400,,,,,,,,,,,,,12,,,,,,24,,,,,,,,,,,,,,,,,,0.55,,25.0,100000.0,0.9,0.85,,,,,,,,,,0,,,,,,,,,0,,,,,,,,,,5.0,0.8,,,,48,,,,,,,,,,,0.7,0.001,6,12,,,,0.0025,0.75,,0.65,3,,,1.01,,,,,,,,,,,,,,5.0,0.7,,,2880,,,,,,,,,,,,,,,0.7,0.55,,,,
LIQUIDITY_GAP_PRINT,LIQUIDITY_STRESS,LIQUIDITY_DISLOCATION,True,research_trigger,True,False,False,False,LiquidityGapDetector,True,liquidity_stress,crypto|futures,True,gap_print,shock,direct,canonical,merge,single_asset,single_venue,False,False,False,False,False,0,liquidity_dislocation,liquidity_dislocation_events.parquet,liquidity_gap_print_event,mean_reversion|continuation|stop_run_repair|overshoot_repair|only_if_liquidity|slippage_aware_filter,12b|24b|48b,vol_regime|vol_phase|carry_state|funding_phase|oi_phase|price_oi_quadrant|forced_flow_phase|liquidity_phase|execution_friction|trend_phase|basis_phase|temporal_phase|data_quality_state|funding_bps|ms_trend_state|ms_spread_state|severity_bucket,600,,,,,,,,,,,,,,,,,,,12,,,,,,,,,,,,,,,,,,,,,,,,,288,,,,,,,,0,,,,,,,,,0,,,,,,,0.2,,,,,,,,,,,,,,,,,,,,,,,,,,,,,,,,,,,,,,,,,,,,,,,,,,,,,,,,,,,,,,,,,,,,,,3.0,
LIQUIDITY_SHOCK,LIQUIDITY_STRESS,LIQUIDITY_DISLOCATION,True,deployable_core,True,True,True,True,LiquidityStressDetector,True,liquidity_stress|high_urgency,crypto|futures,True,liquidity_shock,shock,hybrid,canonical,keep,single_asset,single_venue,False,False,False,False,False,0,liquidity_shock,liquidity_shock_events.parquet,liquidity_shock_event,liquidity_refill_repair|stop_run_repair|overshoot_repair|only_if_liquidity|slippage_aware_filter,15m,vol_regime|vol_phase|carry_state|funding_phase|oi_phase|price_oi_quadrant|forced_flow_phase|liquidity_phase|execution_friction|trend_phase|basis_phase|temporal_phase|data_quality_state|funding_bps|ms_trend_state|ms_spread_state|severity_bucket,600,,,,,,,,,,,,,,,,,,,0,,,,,,,,,,,,,,,,,,,,,,,,,,,,,,,,288,1,,,,,,,,,0,,,,,,,,,,,,,,,,,,,,,,,,,,,,,,,,,,,,,,,,,,,,,,,,,,,,,,,,,,,,,,,,,,,,,,,,,,,,,,
LIQUIDITY_STRESS_DIRECT,LIQUIDITY_STRESS,LIQUIDITY_DISLOCATION,True,deployable_core,True,True,True,True,DirectLiquidityStressDetector,True,,,True,liquidity_stress,shock,direct,canonical,merge,single_asset,single_venue,False,False,False,False,False,0,liquidity_shock,liquidity_shock_events.parquet,liquidity_stress_direct_event,mean_reversion|continuation|stop_run_repair|overshoot_repair|only_if_liquidity|slippage_aware_filter,15m,vol_regime|vol_phase|carry_state|funding_phase|oi_phase|price_oi_quadrant|forced_flow_phase|liquidity_phase|execution_friction|trend_phase|basis_phase|temporal_phase|data_quality_state|funding_bps|ms_trend_state|ms_spread_state|severity_bucket,600,,,,,,,,,,,,,,,,,,,0,,,,,,,,,,,,,,,,,,,,,,,,,,,,,,,,288,1,,,,,,,,,0,,,,,,,,,,,,,,,,,,,,,,,,,,,,,,,,,,,,,,,,,,,,,,,,,,,,,,,,,,,,,,,,,,,,,,,,,,,,,,
LIQUIDITY_STRESS_PROXY,LIQUIDITY_STRESS,LIQUIDITY_DISLOCATION,True,composite_or_fragile,False,False,False,False,ProxyLiquidityStressDetector,True,,,True,liquidity_stress,shock,hybrid,canonical,merge,single_asset,single_venue,False,False,False,False,False,0,liquidity_shock,liquidity_shock_events.parquet,liquidity_stress_proxy_event,mean_reversion|continuation|stop_run_repair|overshoot_repair|only_if_liquidity|slippage_aware_filter,15m,vol_regime|vol_phase|carry_state|funding_phase|oi_phase|price_oi_quadrant|forced_flow_phase|liquidity_phase|execution_friction|trend_phase|basis_phase|temporal_phase|data_quality_state|funding_bps|ms_trend_state|ms_spread_state|severity_bucket,600,,,,,,,,,,,,,,,,,,,0,,,,,,,,,,,,,,,,,,,,,,,,,,,,,,,,288,1,,,,,,,,,0,,,,,,,,,,,,,,,,,,,,,,,,,,,,,,,,,,,,,,,,,,,,,,,,,,,,,,,,,,,,,,,,,,,,,,,,,,,,,,
LIQUIDITY_VACUUM,LIQUIDITY_STRESS,LIQUIDITY_DISLOCATION,True,deployable_core,True,True,True,True,LiquidityVacuumDetector,True,liquidity_stress|high_urgency,crypto|futures,True,liquidity_vacuum,collapse,direct,canonical,keep,single_asset,single_venue,False,False,False,False,False,0,liquidity_vacuum,liquidity_vacuum_events.parquet,liquidity_vacuum_event,liquidity_refill_repair|only_if_liquidity|slippage_aware_filter,15m,vol_regime|vol_phase|carry_state|funding_phase|oi_phase|price_oi_quadrant|forced_flow_phase|liquidity_phase|execution_friction|trend_phase|basis_phase|temporal_phase|data_quality_state|funding_bps|ms_trend_state|ms_spread_state|severity_bucket,1000,,,,,,96,,,,,,,,,,,,,12,,,,,,,,,,,,,,,,,,,,,,,,,,,,,,,96,,2,,,,,1,,,,3,,,,,,1,,,,,,,,,,96,,,,,,0.02,1.05,,24,,,,,,,,,,,,,,,,,,,,,0.99,"0.5,0.6,0.7",rolling,,,,,,,,,,,,,,,,,,,,0.95,,,,24,,,,,,
MOMENTUM_DIVERGENCE_TRIGGER,TREND_FAILURE_EXHAUSTION,FORCED_FLOW_AND_EXHAUSTION,True,research_trigger,True,False,False,False,MomentumDivergenceDetector,True,exhaustion,crypto|futures,True,momentum_divergence,exhaustion,hybrid,canonical,merge,single_asset,single_venue,False,False,False,False,False,0,forced_flow_and_exhaustion,forced_flow_and_exhaustion_events.parquet,momentum_divergence_trigger_event,,60m,vol_regime|vol_phase|carry_state|funding_phase|oi_phase|price_oi_quadrant|forced_flow_phase|liquidity_phase|execution_friction|trend_phase|basis_phase|temporal_phase|data_quality_state|funding_bps|ms_trend_state|ms_spread_state|severity_bucket,500,,,,,,,,,,,,12,,,,,,,96,,,,,,,,,,,,,,,,,,,,,,,,3.0,,,,,,72,,,0,,,,,,,,,0,,,,,,,,,,,,,,,,,,,,,,,,,,,,,,,,,,,,,,,,,,,,,,,,,,,,0.7,,,,,,,,,,,,,,,,,,,,,,,,,,
OI_FLUSH,POSITIONING_UNWIND_DELEVERAGING,POSITIONING_EXTREMES,True,research_trigger,True,False,True,True,OIFlushDetector,True,oi_dynamic|high_urgency,crypto|futures,True,oi_flush,unwind,direct,canonical,merge,single_asset,single_venue,False,False,False,False,False,0,oi_shocks,oi_shock_events.parquet,oi_flush_event,reversal_or_squeeze|mean_reversion|continuation|exhaustion_reversal|convexity_capture|only_if_funding|only_if_oi|only_if_regime|only_if_highvol|tail_risk_avoid,5m|60m,vol_regime|vol_phase|carry_state|funding_phase|oi_phase|price_oi_quadrant|forced_flow_phase|liquidity_phase|execution_friction|trend_phase|basis_phase|temporal_phase|data_quality_state|funding_bps|ms_trend_state|ms_spread_state|severity_bucket,500,,,,,,,,,,,,,,,,,,,0,,,,,,,,,,,,,,,,,,,,,,,,,,,,,,,,,1,,,,,,,,,0,,,,,,,,,,,,96,,,,,,,,,,,,,,,,,,,,,,,,,,,,,,,,,,,,,,,,,2.5,,,,,,,,,,,,,,,,,,,,,,,,,
OI_SPIKE_NEGATIVE,POSITIONING_UNWIND_DELEVERAGING,POSITIONING_EXTREMES,True,deployable_core,True,True,True,True,OISpikeNegativeDetector,True,oi_dynamic,crypto|futures,True,oi_flush,unwind,direct,canonical,merge,single_asset,single_venue,False,False,False,False,False,0,oi_shocks,oi_shock_events.parquet,oi_spike_neg_event,positioning_flush_reversal|long_flush_rebound|convexity_capture|only_if_funding|only_if_oi|tail_risk_avoid,5m|60m,vol_regime|vol_phase|carry_state|funding_phase|oi_phase|price_oi_quadrant|forced_flow_phase|liquidity_phase|execution_friction|trend_phase|basis_phase|temporal_phase|data_quality_state|funding_bps|ms_trend_state|ms_spread_state|severity_bucket,250,,,,,,,,,,,,,,,,,,,0,,,,,,,,,,,,,,,,,,,,,,,,,,,,,,,,,1,,,,,,,,,0,,,,,,,,,,,,96,,,,,,,,,,,,,,,,,,,,,,,,,,,,,,,,,,,,,,,,,2.5,,,,,,,,,,,,,,,,,,,,,,,,,
OI_SPIKE_POSITIVE,POSITIONING_EXPANSION,POSITIONING_EXTREMES,True,research_trigger,True,False,True,True,OISpikePositiveDetector,True,oi_dynamic,crypto|futures,True,oi_spike_positive,expansion,direct,canonical,merge,single_asset,single_venue,False,False,False,False,False,0,oi_shocks,oi_shock_events.parquet,oi_spike_pos_event,carry_continuation_confirmed|squeeze_followthrough_confirmed|only_if_funding|only_if_oi|tail_risk_avoid,60m,vol_regime|vol_phase|carry_state|funding_phase|oi_phase|price_oi_quadrant|forced_flow_phase|liquidity_phase|execution_friction|trend_phase|basis_phase|temporal_phase|data_quality_state|funding_bps|ms_trend_state|ms_spread_state|severity_bucket,250,,,,,,,,,,,,,,,,,,,0,,,,,,,,,,,,,,,,,,,,,,,,,,,,,,,,,1,,,,,,,,,0,,,,,,,,,,,,96,,,,,,,,,,,,,,,,,,,,,,,,,,,,,,,,,,,,,,,,,2.5,,,,,,,,,,,,,,,,,,,,,,,,,
ORDERFLOW_IMBALANCE_SHOCK,LIQUIDITY_STRESS,LIQUIDITY_DISLOCATION,True,research_trigger,True,False,False,False,OrderflowImbalanceDetector,True,orderflow_imbalance,crypto|futures,True,orderflow_imbalance,shock,direct,canonical,merge,single_asset,single_venue,False,False,False,False,False,0,liquidity_dislocation,liquidity_dislocation_events.parquet,orderflow_imbalance_shock_event,mean_reversion|continuation|stop_run_repair|overshoot_repair|only_if_liquidity|slippage_aware_filter,15m,vol_regime|vol_phase|carry_state|funding_phase|oi_phase|price_oi_quadrant|forced_flow_phase|liquidity_phase|execution_friction|trend_phase|basis_phase|temporal_phase|data_quality_state|funding_bps|ms_trend_state|ms_spread_state|severity_bucket,600,,,,,,,,,,,,,,,,,,,12,,,,,,,,,,,,,,,,,,,,,,,,,288,,,,,,,,0,,,,,,,,288,0,,,,,,,0.2,,,,,,,,,,,,,,,,,,,,,,,,0.998,288,,,,,,,,,0.92,288,,,,,,,,,,,,,,,,,,,,,,,,,0.92,,,288,,,,,,,3.0,
OVERSHOOT_AFTER_SHOCK,STATISTICAL_STRETCH_OVERSHOOT,STATISTICAL_DISLOCATION,True,research_trigger,True,False,False,False,OvershootDetector,True,statistical_stretch,crypto|futures,True,overshoot_after_shock,overshoot,statistical,canonical,keep,single_asset,single_venue,False,False,False,False,False,0,statistical_dislocation,statistical_dislocation_events.parquet,overshoot_after_shock_event,mean_reversion|overshoot_repair|tail_risk_avoid,15m|60m,vol_regime|vol_phase|carry_state|funding_phase|oi_phase|price_oi_quadrant|forced_flow_phase|liquidity_phase|execution_friction|trend_phase|basis_phase|temporal_phase|data_quality_state|funding_bps|ms_trend_state|ms_spread_state|severity_bucket,350,,,,,,,3.0,,,,,,,,,,,,12,,,,,,,,,,,,,,,,,,,,,,,,,288,,,,,,,,0,,,,,,,,,0,,,,,,,,,,,,,,,,,,,0.95,,,,,,,,,,,,,,,,,,,,,,0.95,,,,,,,,,,,,,,,,,,,,,,,,,,,,,,,,,,,,,
POST_DELEVERAGING_REBOUND,POSITIONING_UNWIND_DELEVERAGING,FORCED_FLOW_AND_EXHAUSTION,True,research_trigger,True,False,False,False,PostDeleveragingReboundDetector,True,,,True,post_deleveraging_rebound,recovery,hybrid,canonical,merge,single_asset,single_venue,False,False,False,False,False,0,forced_flow_and_exhaustion,forced_flow_and_exhaustion_events.parquet,post_deleveraging_rebound_event,,60m,vol_regime|vol_phase|carry_state|funding_phase|oi_phase|price_oi_quadrant|forced_flow_phase|liquidity_phase|execution_friction|trend_phase|basis_phase|temporal_phase|data_quality_state|funding_bps|ms_trend_state|ms_spread_state|severity_bucket,400,,,,,,,,,,,,,12,,,,,,24,,,,,,,,,,,,,,,,,,0.55,,25.0,100000.0,0.9,0.85,,,,,,,,,,0,,,,,,,,,0,,,,,,,,,,5.0,0.8,,,,48,,,,,,,,,,,0.7,0.001,6,12,,,,0.0025,0.75,,0.65,3,,,1.01,,,,,,,,,,,,,,5.0,0.7,,,2880,,,,,,,,,,,,,,,0.7,0.55,,,,
PRICE_DOWN_OI_DOWN,POSITIONING_UNWIND_DELEVERAGING,POSITIONING_EXTREMES,False,,False,False,False,False,OISpikeNegativeDetector,False,,,True,price_down_oi_down,unwind,direct,research_placeholder,rename,single_asset,single_venue,False,False,False,False,False,0,oi_shocks,oi_shock_events.parquet,oi_spike_neg_event,positioning_flush_reversal|long_flush_rebound|only_if_oi|tail_risk_avoid,60m,vol_regime|vol_phase|carry_state|funding_phase|oi_phase|price_oi_quadrant|forced_flow_phase|liquidity_phase|execution_friction|trend_phase|basis_phase|temporal_phase|data_quality_state|funding_bps|ms_trend_state|ms_spread_state|severity_bucket,250,,,,,,,,,,,,,,,,,,,0,,,,,,,,,,,,,,,,,,,,,,,,,,,,,,,,,1,,,,,,,,,0,,,,,,,,,,,,,,,,,,,,,,,,,,,,,,,,,,,,,,,,,,,,,,,,,,,,,,,,,,,,,,,,,,,,,,,,,,,,,,
PRICE_DOWN_OI_UP,POSITIONING_EXPANSION,POSITIONING_EXTREMES,False,,False,False,False,False,OISpikePositiveDetector,False,,,True,price_down_oi_up,expansion,direct,research_placeholder,rename,single_asset,single_venue,False,False,False,False,False,0,oi_shocks,oi_shock_events.parquet,oi_spike_pos_event,carry_continuation_confirmed|only_if_oi|tail_risk_avoid,60m,vol_regime|vol_phase|carry_state|funding_phase|oi_phase|price_oi_quadrant|forced_flow_phase|liquidity_phase|execution_friction|trend_phase|basis_phase|temporal_phase|data_quality_state|funding_bps|ms_trend_state|ms_spread_state|severity_bucket,250,,,,,,,,,,,,,,,,,,,0,,,,,,,,,,,,,,,,,,,,,,,,,,,,,,,,,1,,,,,,,,,0,,,,,,,,,,,,,,,,,,,,,,,,,,,,,,,,,,,,,,,,,,,,,,,,,,,,,,,,,,,,,,,,,,,,,,,,,,,,,,
PRICE_UP_OI_DOWN,POSITIONING_UNWIND_DELEVERAGING,POSITIONING_EXTREMES,False,,False,False,False,False,OISpikeNegativeDetector,False,,,True,price_up_oi_down,unwind,direct,research_placeholder,rename,single_asset,single_venue,False,False,False,False,False,0,oi_shocks,oi_shock_events.parquet,oi_spike_neg_event,squeeze_followthrough_confirmed|positioning_flush_reversal|only_if_oi|tail_risk_avoid,60m,vol_regime|vol_phase|carry_state|funding_phase|oi_phase|price_oi_quadrant|forced_flow_phase|liquidity_phase|execution_friction|trend_phase|basis_phase|temporal_phase|data_quality_state|funding_bps|ms_trend_state|ms_spread_state|severity_bucket,250,,,,,,,,,,,,,,,,,,,0,,,,,,,,,,,,,,,,,,,,,,,,,,,,,,,,,1,,,,,,,,,0,,,,,,,,,,,,,,,,,,,,,,,,,,,,,,,,,,,,,,,,,,,,,,,,,,,,,,,,,,,,,,,,,,,,,,,,,,,,,,
PRICE_UP_OI_UP,POSITIONING_EXPANSION,POSITIONING_EXTREMES,False,,False,False,False,False,OISpikePositiveDetector,False,,,True,price_up_oi_up,expansion,direct,research_placeholder,rename,single_asset,single_venue,False,False,False,False,False,0,oi_shocks,oi_shock_events.parquet,oi_spike_pos_event,carry_continuation_confirmed|squeeze_followthrough_confirmed|only_if_oi|tail_risk_avoid,60m,vol_regime|vol_phase|carry_state|funding_phase|oi_phase|price_oi_quadrant|forced_flow_phase|liquidity_phase|execution_friction|trend_phase|basis_phase|temporal_phase|data_quality_state|funding_bps|ms_trend_state|ms_spread_state|severity_bucket,250,,,,,,,,,,,,,,,,,,,0,,,,,,,,,,,,,,,,,,,,,,,,,,,,,,,,,1,,,,,,,,,0,,,,,,,,,,,,,,,,,,,,,,,,,,,,,,,,,,,,,,,,,,,,,,,,,,,,,,,,,,,,,,,,,,,,,,,,,,,,,,
PRICE_VOL_IMBALANCE_PROXY,LIQUIDITY_STRESS,LIQUIDITY_DISLOCATION,True,composite_or_fragile,False,False,False,False,PriceVolImbalanceProxyDetector,True,,,True,price_vol_imbalance,shock,hybrid,canonical,merge,single_asset,single_venue,False,False,False,False,False,0,liquidity_dislocation,liquidity_dislocation_events.parquet,price_vol_imbalance_proxy_event,mean_reversion|continuation|stop_run_repair|overshoot_repair|only_if_liquidity|slippage_aware_filter,15m,vol_regime|vol_phase|carry_state|funding_phase|oi_phase|price_oi_quadrant|forced_flow_phase|liquidity_phase|execution_friction|trend_phase|basis_phase|temporal_phase|data_quality_state|funding_bps|ms_trend_state|ms_spread_state|severity_bucket,600,,,,,,,,,,,,,,,,,,,24,,,,,,,,,,,,,,,,,,,,,,,,,,,,,,,,,0,,,,,,,,288,0,,,,24,,,,,,,,,,,,,,,,,,,,,,,,,,,0.995,288,,,,,,,,,0.9,288,,,,,,,,,,,,,,,,,,,,,,,,,,,,288,0.9,,,,,,,
PULLBACK_PIVOT,TREND_CONTINUATION,TREND_STRUCTURE,True,research_trigger,True,False,False,False,PullbackPivotDetector,True,trend_momentum,crypto|futures,True,pullback_pivot,recovery,hybrid,canonical,keep,single_asset,single_venue,False,False,False,False,False,0,trend_structure,trend_structure_events.parquet,pullback_pivot_event,breakout_followthrough|false_breakout_reversal|pullback_entry|trend_continuation|continuation|only_if_trend,15m|60m,vol_regime|vol_phase|carry_state|funding_phase|oi_phase|price_oi_quadrant|forced_flow_phase|liquidity_phase|execution_friction|trend_phase|basis_phase|temporal_phase|data_quality_state|funding_bps|ms_trend_state|ms_spread_state|severity_bucket,450,,,,,,,,,,,2.5,,,,,,,,12,,,,,,,,,,,,,,,,,,,,,,,,,,,,,,,,,0,,,,,,,,,0,,,,,,,,,,,,,,,,,,,,,,,,,,,,,,,,,,,,,,,,,,,,,,,,,,,,,,,,,,,,,,,,288,,,,,,,,,,,,,,
RANGE_BREAKOUT,TREND_CONTINUATION,TREND_STRUCTURE,True,research_trigger,True,False,False,False,RangeBreakoutDetector,True,trend_momentum,crypto|futures,True,range_breakout,breakout,hybrid,canonical,keep,single_asset,single_venue,False,False,False,False,False,0,trend_structure,trend_structure_events.parquet,range_breakout_event,breakout_followthrough|false_breakout_reversal|pullback_entry|trend_continuation|continuation|only_if_trend,15m|60m,vol_regime|vol_phase|carry_state|funding_phase|oi_phase|price_oi_quadrant|forced_flow_phase|liquidity_phase|execution_friction|trend_phase|basis_phase|temporal_phase|data_quality_state|funding_bps|ms_trend_state|ms_spread_state|severity_bucket,450,,,,,,,,,,,2.5,,,,,,,,12,,,,,,,,,,,,,,,,,,,,,,,,,,,,,,,,,0,,,,,,,,,0,,,,,,,,,,,,,,,,,,,,,,,,,,,,,,,,,,,,,,,,,,,,,,,,,,,,,,,,,,,,,,,,288,,,,,,,,,,,,,,
RANGE_COMPRESSION_END,VOLATILITY_RELAXATION_COMPRESSION_RELEASE,VOLATILITY_TRANSITION,True,research_trigger,True,False,False,False,RangeCompressionDetector,True,vol_regime,crypto|futures,True,range_compression_end,breakout,hybrid,canonical,merge,single_asset,single_venue,False,False,False,False,False,0,volatility_transition,volatility_transition_events.parquet,range_compression_end_event,mean_reversion|continuation|trend_continuation|volatility_expansion_follow|pullback_entry|only_if_regime,60m,vol_regime|vol_phase|carry_state|funding_phase|oi_phase|price_oi_quadrant|forced_flow_phase|liquidity_phase|execution_friction|trend_phase|basis_phase|temporal_phase|data_quality_state|funding_bps|ms_trend_state|ms_spread_state|severity_bucket,500,,,,,,,,,,,,,,0.1,,,,,12,,,,,,,,2.5,,,,,,,,,,,,,,,,,,,,,,,,,0,,,,,,,,,0,,,,,,,,,,,,,,,,,,,,,,,,,,,,,,,,,,,,,,,,,,,,,,,,,,,,,,,,,,,,,,,,,,288,,,,,,,,,,,,
SCHEDULED_NEWS_WINDOW_EVENT,SCHEDULED_TEMPORAL_WINDOW,TEMPORAL_STRUCTURE,False,context_only,True,False,False,False,ScheduledNewsDetector,True,temporal_anchor,crypto|futures,True,scheduled_news_window,window,contextual,context_tag,demote,multi_asset,market_wide,False,False,False,True,False,0,temporal_structure,temporal_structure_events.parquet,scheduled_news_window_event,mean_reversion|continuation,5m|15m,vol_regime|vol_phase|carry_state|funding_phase|oi_phase|price_oi_quadrant|forced_flow_phase|liquidity_phase|execution_friction|trend_phase|basis_phase|temporal_phase|data_quality_state|funding_bps|ms_trend_state|ms_spread_state|severity_bucket,300,,,,,,,,,,,,,,,,,,,12,,,,,,288,,,,,,,,,,,,,,,,,,,,,,,,,,,0,,,,,,,,,0,,,,,,,,,,,,,,,,,,,,,,,,,,,,,,,,,,,,,,,,,,,,,,,,,,,,,,,,,,,,,,,,,,,,,,,,,,,,,,
SEQ_FND_EXTREME_THEN_BREAKOUT,BASIS_FUNDING_DISLOCATION,POSITIONING_EXTREMES,False,composite_or_fragile,False,False,False,False,EventSequenceDetector,True,funding_crowding|sequence,crypto|futures,False,funding_extreme_then_breakout,confirmation,sequence_confirmed,composite,demote,single_asset,cross_venue,True,False,True,False,False,0,event_sequences,event_sequences.parquet,seq_fnd_extreme_then_breakout_event,,5m|60m,vol_regime|vol_phase|carry_state|funding_phase|oi_phase|price_oi_quadrant|forced_flow_phase|liquidity_phase|execution_friction|trend_phase|basis_phase|temporal_phase|data_quality_state|funding_bps|ms_trend_state|ms_spread_state|severity_bucket,250,,,,,,,,,,,,,,,,,,,24,,,,,,,,,,,,,,,,,,,,,,,,,,,,96,,,,,1,,,,,,,,,0,,,,,,,,,,,,,,,,,,,,,,,,,,,,,,,,,,,,,,,,,,,,,,,,,,,,,,,,,,,,,,,,,,,,,,,,,,,,,,
SEQ_LIQ_VACUUM_THEN_DEPTH_RECOVERY,LIQUIDITY_STRESS,LIQUIDITY_DISLOCATION,False,composite_or_fragile,False,False,False,False,EventSequenceDetector,True,liquidity_stress|absorption_recovery|sequence,crypto|futures,False,liquidity_vacuum_then_depth_recovery,confirmation,sequence_confirmed,composite,demote,single_asset,single_venue,True,False,True,False,False,0,event_sequences,event_sequences.parquet,seq_liq_vacuum_then_depth_recovery_event,,15m,vol_regime|vol_phase|carry_state|funding_phase|oi_phase|price_oi_quadrant|forced_flow_phase|liquidity_phase|execution_friction|trend_phase|basis_phase|temporal_phase|data_quality_state|funding_bps|ms_trend_state|ms_spread_state|severity_bucket,400,,,,,,,,,,,,,,,,,,,24,,,,,,,,,,,,,,,,,,,,,,,,,,,,48,,,,,1,,,,,,,,,0,,,,,,,,,,,,,,,,,,,,,,,,,,,,,,,,,,,,,,,,,,,,,,,,,,,,,,,,,,,,,,,,,,,,,,,,,,,,,,
SEQ_OI_SPIKEPOS_THEN_VOL_SPIKE,POSITIONING_EXPANSION,POSITIONING_EXTREMES,False,composite_or_fragile,False,False,False,False,EventSequenceDetector,True,oi_dynamic|sequence,crypto|futures,False,oi_spike_positive_then_vol_spike,confirmation,sequence_confirmed,composite,demote,single_asset,single_venue,True,False,True,False,False,0,event_sequences,event_sequences.parquet,seq_oi_spikepos_then_vol_spike_event,,5m|60m,vol_regime|vol_phase|carry_state|funding_phase|oi_phase|price_oi_quadrant|forced_flow_phase|liquidity_phase|execution_friction|trend_phase|basis_phase|temporal_phase|data_quality_state|funding_bps|ms_trend_state|ms_spread_state|severity_bucket,250,,,,,,,,,,,,,,,,,,,24,,,,,,,,,,,,,,,,,,,,,,,,,,,,48,,,,,1,,,,,,,,,0,,,,,,,,,,,,,,,,,,,,,,,,,,,,,,,,,,,,,,,,,,,,,,,,,,,,,,,,,,,,,,,,,,,,,,,,,,,,,,
SEQ_VOL_COMP_THEN_BREAKOUT,VOLATILITY_RELAXATION_COMPRESSION_RELEASE,VOLATILITY_TRANSITION,False,composite_or_fragile,False,False,False,False,EventSequenceDetector,True,vol_regime|sequence,crypto|futures,False,vol_compression_then_breakout,confirmation,sequence_confirmed,composite,demote,single_asset,single_venue,True,False,True,False,False,0,event_sequences,event_sequences.parquet,seq_vol_comp_then_breakout_event,,60m,vol_regime|vol_phase|carry_state|funding_phase|oi_phase|price_oi_quadrant|forced_flow_phase|liquidity_phase|execution_friction|trend_phase|basis_phase|temporal_phase|data_quality_state|funding_bps|ms_trend_state|ms_spread_state|severity_bucket,350,,,,,,,,,,,,,,,,,,,24,,,,,,,,,,,,,,,,,,,,,,,,,,,,48,,,,,1,,,,,,,,,0,,,,,,,,,,,,,,,,,,,,,,,,,,,,,,,,,,,,,,,,,,,,,,,,,,,,,,,,,,,,,,,,,,,,,,,,,,,,,,
SESSION_CLOSE_EVENT,SCHEDULED_TEMPORAL_WINDOW,TEMPORAL_STRUCTURE,False,context_only,True,False,False,False,SessionCloseDetector,True,temporal_anchor,crypto|futures,True,session_close,window,contextual,context_tag,demote,multi_asset,market_wide,False,False,False,True,False,0,temporal_structure,temporal_structure_events.parquet,session_close_event,mean_reversion|continuation,5m|15m,vol_regime|vol_phase|carry_state|funding_phase|oi_phase|price_oi_quadrant|forced_flow_phase|liquidity_phase|execution_friction|trend_phase|basis_phase|temporal_phase|data_quality_state|funding_bps|ms_trend_state|ms_spread_state|severity_bucket,300,,,,,,,,,,,,,,,,,,,12,,,,,,288,,,,,,,,,,,,,,,,,,,,,,,,,,,0,,,,,,,,,0,,,,,,,,,,,,,,,,,,,,,,,,,,,,,,,,,,,,,,,,,,,0.0,,,,,,,,,,,,,,,,,,,,,,,,,,,,,,,,,,,
SESSION_OPEN_EVENT,SCHEDULED_TEMPORAL_WINDOW,TEMPORAL_STRUCTURE,False,context_only,True,False,False,False,SessionOpenDetector,True,temporal_anchor,crypto|futures,True,session_open,window,contextual,context_tag,demote,multi_asset,market_wide,False,False,False,True,False,0,temporal_structure,temporal_structure_events.parquet,session_open_event,mean_reversion|continuation,5m|15m,vol_regime|vol_phase|carry_state|funding_phase|oi_phase|price_oi_quadrant|forced_flow_phase|liquidity_phase|execution_friction|trend_phase|basis_phase|temporal_phase|data_quality_state|funding_bps|ms_trend_state|ms_spread_state|severity_bucket,300,,,,,,,,,,,,,,,,,,,12,,,,,,288,,,,,,,,,,,,,,,,,,,,,,,,,,,0,,,,,,,,,0,,,,,,,,,,,,,,,,,,,,,,,,,,,,,,,,,,,,,,,,,,,0.0,,,,,,,,,,,,,,,,,,,,,,,,,,,,,,,,,,,
SLIPPAGE_SPIKE_EVENT,EXECUTION_FRICTION,EXECUTION_FRICTION,True,research_trigger,True,False,False,False,SlippageSpikeDetector,True,execution_cost|high_urgency,crypto|futures,True,slippage_spike,shock,direct,canonical,keep,single_asset,single_venue,False,False,False,False,False,0,execution_friction,execution_friction_events.parquet,slippage_spike_event,slippage_aware_filter|tail_risk_avoid,5m|15m,vol_regime|vol_phase|carry_state|funding_phase|oi_phase|price_oi_quadrant|forced_flow_phase|liquidity_phase|execution_friction|trend_phase|basis_phase|temporal_phase|data_quality_state|funding_bps|ms_trend_state|ms_spread_state|severity_bucket,300,,,,,,,,,,,,,,,,,,,12,,,,,,,,,,,,,,,,,,,,,,,,,,,,,,,,,0,,,,,,,,,0,,,,,,,,,,,,,,,,,,,,,,,,,,,,,,,,,,,,,,,,,,,,,,,,,3.0,,,,,,,3.0,,,,,,,,,,,,,,,,,,,,,,
SPOT_PERP_BASIS_SHOCK,BASIS_FUNDING_DISLOCATION,INFORMATION_DESYNC,True,deployable_core,True,True,True,True,SpotPerpBasisShockDetector,True,desync|basis_dislocation|high_urgency,crypto|futures,True,spot_perp_basis_shock,shock,inferred_cross_asset,canonical,merge,single_asset,cross_venue,False,False,False,False,False,0,information_desync,information_desync_events.parquet,spot_perp_basis_shock_event,desync_repair|convergence|basis_repair|lead_lag_follow|divergence_continuation,5m|15m|60m,vol_regime|vol_phase|carry_state|funding_phase|oi_phase|price_oi_quadrant|forced_flow_phase|liquidity_phase|execution_friction|trend_phase|basis_phase|temporal_phase|data_quality_state|funding_bps|ms_trend_state|ms_spread_state|severity_bucket,500,,,,,,,,,,,,,,,,,,,12,,,,,,,,,,,,,,,,,60,,,,,,,,,,,,,,,,0,15.0,,,,,,,,0,,,,,,,,,,,,,,,,,,,,,,,,,,,,,,,,,,,,,,,,,,,,,0.95,,,,,,,,,,,,,,,,,,,,,,,,,,,,,,,,5.0,
SPREAD_BLOWOUT,LIQUIDITY_STRESS,LIQUIDITY_DISLOCATION,True,research_trigger,True,False,False,False,SpreadBlowoutDetector,True,liquidity_stress|execution_cost,crypto|futures,True,spread_widening,shock,direct,canonical,merge,single_asset,single_venue,False,False,False,False,False,0,liquidity_dislocation,liquidity_dislocation_events.parquet,spread_blowout_event,liquidity_refill_repair|stop_run_repair|overshoot_repair|only_if_liquidity|slippage_aware_filter,15m,vol_regime|vol_phase|carry_state|funding_phase|oi_phase|price_oi_quadrant|forced_flow_phase|liquidity_phase|execution_friction|trend_phase|basis_phase|temporal_phase|data_quality_state|funding_bps|ms_trend_state|ms_spread_state|severity_bucket,600,,,,,,,,,,,,,,,,,,,12,,,,,,,,,,,,,,,,,,,,,,,,,288,,,,,,,,0,,,,,,,,,0,,,,,,,0.2,,,,,,,,,,,,,,,,,,,,,,,,,,,,,,,,,,,,,,,,,,,,,,,,,,,,,,,,,,,,,,,,,,,,,,3.0,
SPREAD_REGIME_WIDENING_EVENT,EXECUTION_FRICTION,EXECUTION_FRICTION,True,research_trigger,True,False,False,False,SpreadRegimeWideningDetector,True,execution_cost|liquidity_stress,crypto|futures,True,spread_regime_widening,persistence,direct,canonical,keep,single_asset,single_venue,False,False,False,False,False,0,execution_friction,execution_friction_events.parquet,spread_regime_widening_event,slippage_aware_filter|tail_risk_avoid,5m|15m,vol_regime|vol_phase|carry_state|funding_phase|oi_phase|price_oi_quadrant|forced_flow_phase|liquidity_phase|execution_friction|trend_phase|basis_phase|temporal_phase|data_quality_state|funding_bps|ms_trend_state|ms_spread_state|severity_bucket,300,,,,,,,,,,,,,,,,,,,48,,,,,,,,,,,,,,,,,,,,,,,,,2880,0.25,,,,,,,0,,,,,,,,,0,,288,,48,,,,,,,,,,,,,,,,,,,,,,,,,,,,,,,,,,,,,,,,,,,,,,,,,,,,,,,,,,,,24,,,,,,,,,,,,,,
SUPPORT_RESISTANCE_BREAK,TREND_CONTINUATION,TREND_STRUCTURE,True,research_trigger,True,False,False,False,SREventDetector,True,trend_momentum,crypto|futures,True,support_resistance_break,breakout,hybrid,canonical,merge,single_asset,single_venue,False,False,False,False,False,0,trend_structure,trend_structure_events.parquet,support_resistance_break_event,breakout_followthrough|false_breakout_reversal|pullback_entry|trend_continuation|continuation|only_if_trend,15m|60m,vol_regime|vol_phase|carry_state|funding_phase|oi_phase|price_oi_quadrant|forced_flow_phase|liquidity_phase|execution_friction|trend_phase|basis_phase|temporal_phase|data_quality_state|funding_bps|ms_trend_state|ms_spread_state|severity_bucket,450,,,,,,,,,,,2.5,,,,,,,,12,,,,,,,,,,,,,,,,,,,,,,,,,,,,,,,,,0,,,,,,,,,0,,,,,,,,,,,,,,,,,,,,,,,,,,,,,,,,,,,,,,,,,,,,,,,,,,,,,,,,,,,,,,,,288,,,,,,,,,,,,,,
SWEEP_STOPRUN,LIQUIDITY_STRESS,LIQUIDITY_DISLOCATION,True,research_trigger,True,False,False,False,StopRunDetector,True,orderflow_imbalance|high_urgency,crypto|futures,True,sweep_stoprun,shock,hybrid,canonical,merge,single_asset,single_venue,False,False,False,False,False,0,liquidity_dislocation,liquidity_dislocation_events.parquet,sweep_stoprun_event,mean_reversion|continuation|stop_run_repair|overshoot_repair|only_if_liquidity|slippage_aware_filter,15m,vol_regime|vol_phase|carry_state|funding_phase|oi_phase|price_oi_quadrant|forced_flow_phase|liquidity_phase|execution_friction|trend_phase|basis_phase|temporal_phase|data_quality_state|funding_bps|ms_trend_state|ms_spread_state|severity_bucket,600,,,,,,,,,,,,,,,,,,,12,,,,,,,,,,,,,,,,,,,,,,,,,288,,,,,,,,0,,,,,,,,,0,,,,,,,0.2,,,,,,,,,,,,,,,,,,,,,,,,,,,,,,,,,,,,,,,,,,,,,,,,,,,,,,,,,,,,,,,,,,,,,,3.0,
TREND_ACCELERATION,TREND_CONTINUATION,TREND_STRUCTURE,True,research_trigger,True,False,False,False,TrendAccelerationDetector,True,trend_momentum,crypto|futures,True,trend_acceleration,persistence,hybrid,canonical,keep,single_asset,single_venue,False,False,False,False,False,0,trend_structure,trend_structure_events.parquet,trend_acceleration_event,breakout_followthrough|false_breakout_reversal|pullback_entry|trend_continuation|continuation|only_if_trend,15m|60m,vol_regime|vol_phase|carry_state|funding_phase|oi_phase|price_oi_quadrant|forced_flow_phase|liquidity_phase|execution_friction|trend_phase|basis_phase|temporal_phase|data_quality_state|funding_bps|ms_trend_state|ms_spread_state|severity_bucket,450,,,,,,,,,,,2.5,,,,,,,,0,,,,,,,,,,,,,,,,,,,,,,,,,,,,,,,,,0,,,,,,,,,0,,,,192,,,,,,,,,,,,,,,,,,,,,,,,,,,,,,,,,,,,,,,,,,,,,,,,,,,,,,,,,,,,96,,,,,,,,,,,,,,
TREND_DECELERATION,TREND_FAILURE_EXHAUSTION,TREND_STRUCTURE,True,research_trigger,True,False,False,False,TrendDecelerationDetector,True,trend_momentum,crypto|futures,True,trend_deceleration,exhaustion,hybrid,canonical,merge,single_asset,single_venue,False,False,False,False,False,0,trend_structure,trend_structure_events.parquet,trend_deceleration_event,breakout_followthrough|false_breakout_reversal|pullback_entry|trend_continuation|continuation|only_if_trend,15m|60m,vol_regime|vol_phase|carry_state|funding_phase|oi_phase|price_oi_quadrant|forced_flow_phase|liquidity_phase|execution_friction|trend_phase|basis_phase|temporal_phase|data_quality_state|funding_bps|ms_trend_state|ms_spread_state|severity_bucket,450,,,,,,,,,,,2.5,,,,,,,,12,,,,,,,,,,,,,,,,,,,,,,,,,,,,,,,,,0,,,,,,,,,0,,,,,,,,,,,,,,,,,,,,,,,,,,,,,,,,,,,,,,,,,,,,,,,,,,,,,,,,,,,,,,,,288,,,,,,,,,,,,,,
TREND_EXHAUSTION_TRIGGER,TREND_FAILURE_EXHAUSTION,FORCED_FLOW_AND_EXHAUSTION,True,research_trigger,True,False,False,False,TrendExhaustionDetector,True,exhaustion|trend_momentum,crypto|futures,True,trend_exhaustion,onset,hybrid,canonical,keep,single_asset,single_venue,False,False,False,False,False,0,forced_flow_and_exhaustion,forced_flow_and_exhaustion_events.parquet,trend_exhaustion_trigger_event,,60m,vol_regime|vol_phase|carry_state|funding_phase|oi_phase|price_oi_quadrant|forced_flow_phase|liquidity_phase|execution_friction|trend_phase|basis_phase|temporal_phase|data_quality_state|funding_bps|ms_trend_state|ms_spread_state|severity_bucket,500,,,,,,,,,,,,12,,,,,0.9,0.55,96,0.35,0.9,,,,,,,,,,,,,,,,,,,,,,3.0,,,,,,,,,0,,,,,,,,,0,,,,,72,,,,,,,,,,,,,,,0.7,96,,,,,,,,,,,,,,3,0.65,3,,,,,,,,,,,,,12,48,,,,,,,2880,,,1.3,0.95,3.0,96,,,,,,288,,,,,,,,
TREND_TO_CHOP_SHIFT,REGIME_TRANSITION,REGIME_TRANSITION,True,research_trigger,True,False,False,False,TrendToChopDetector,True,regime_shift|trend_momentum,crypto|futures,True,trend_to_chop,transition,hybrid,canonical,keep,single_asset,single_venue,False,False,False,False,False,0,regime_transition,regime_transition_events.parquet,trend_to_chop_shift_event,only_if_regime|continuation|mean_reversion|drawdown_filter|tail_risk_avoid,60m,vol_regime|vol_phase|carry_state|funding_phase|oi_phase|price_oi_quadrant|forced_flow_phase|liquidity_phase|execution_friction|trend_phase|basis_phase|temporal_phase|data_quality_state|funding_bps|ms_trend_state|ms_spread_state|severity_bucket,350,,,,,,,,,,,,,,,,,,,48,,,,,,,,,,,,,,,,,,,,,,,,,,,,,,,,,0,,,,,,,,,0,,,,,,,,,,,,,,,,,,,,,,,,,,,,,,288,,,,,,,,,,,,,,,,,,,,,,,,,,,,,,2.5,,,,,,,,,,,,,,,,,,
VOL_CLUSTER_SHIFT,VOLATILITY_EXPANSION,VOLATILITY_TRANSITION,True,research_trigger,True,False,False,False,VolClusterShiftDetector,True,vol_regime,crypto|futures,True,vol_cluster_shift,persistence,statistical,canonical,merge,single_asset,single_venue,False,False,False,False,False,0,volatility_transition,volatility_transition_events.parquet,vol_cluster_shift_event,mean_reversion|continuation|trend_continuation|volatility_expansion_follow|pullback_entry|only_if_regime,60m,vol_regime|vol_phase|carry_state|funding_phase|oi_phase|price_oi_quadrant|forced_flow_phase|liquidity_phase|execution_friction|trend_phase|basis_phase|temporal_phase|data_quality_state|funding_bps|ms_trend_state|ms_spread_state|severity_bucket,500,,,,,,,,,,,,,,0.1,,,,,12,,,,,,,,2.5,,,,,,,,,,,,,,,,,,,,,,,,,0,,,,,,,,,0,,,,,,,,,,,,,,,,,,,,,,,,,,,,,,,,,,,,,,,,,,,,,,,,,,,,,,,,,,,,,,,,,,288,,,,,,,,,,,,
VOL_REGIME_SHIFT_EVENT,REGIME_TRANSITION,REGIME_TRANSITION,True,research_trigger,True,False,False,False,VolRegimeShiftDetector,True,regime_shift|vol_regime,crypto|futures,True,vol_regime_shift,transition,statistical,canonical,keep,single_asset,single_venue,False,False,False,False,False,0,regime_transition,regime_transition_events.parquet,vol_regime_shift_event,only_if_regime|continuation|mean_reversion|drawdown_filter|tail_risk_avoid,60m,vol_regime|vol_phase|carry_state|funding_phase|oi_phase|price_oi_quadrant|forced_flow_phase|liquidity_phase|execution_friction|trend_phase|basis_phase|temporal_phase|data_quality_state|funding_bps|ms_trend_state|ms_spread_state|severity_bucket,350,,,,,,,,,,,,,,,,,,,48,,,,,,,,,,,,,,,,,,,,,,,,,,,,,,,,,0,,,,,,,,,0,,,,,,,,,,,,,,,,,,,,,,,,,,,,,,288,,,,,,,,,,,,,,,,,,,,,,,,,,,,,,2.5,,,,,,,,,,,,,,,,,,
VOL_RELAXATION_START,VOLATILITY_RELAXATION_COMPRESSION_RELEASE,VOLATILITY_TRANSITION,True,research_trigger,True,False,True,False,VolRelaxationDetector,True,vol_regime,crypto|futures,True,vol_relaxation_start,normalization,direct,canonical,keep,single_asset,single_venue,False,False,False,False,False,0,volatility_transition,volatility_transition_events.parquet,vol_relaxation_start_event,mean_reversion|continuation|trend_continuation|volatility_expansion_follow|pullback_entry|only_if_regime,60m,vol_regime|vol_phase|carry_state|funding_phase|oi_phase|price_oi_quadrant|forced_flow_phase|liquidity_phase|execution_friction|trend_phase|basis_phase|temporal_phase|data_quality_state|funding_bps|ms_trend_state|ms_spread_state|severity_bucket,500,,,,,,,,,,,,,,0.1,,,,,12,,,,,,,,2.5,,,,,,,,,,,,,,,,,,,,,,,,,0,,,,,,,,,0,,,,,,,,,,,,,,,,,,,,,,,,,,,,,,,,,,,,,,,,,,,,,,,,,,,,,,,,,,,,,,,,,,288,,,,,,,,,,,,
VOL_SHOCK,VOLATILITY_TRANSITION,VOLATILITY_TRANSITION,True,deployable_core,True,True,True,True,VolShockRelaxationDetector,True,vol_regime|high_urgency,crypto|futures,True,vol_shock,shock,statistical,canonical,keep,single_asset,single_venue,False,False,False,False,False,0,vol_shock_relaxation,vol_shock_relaxation_events.parquet,vol_shock_relaxation_event,mean_reversion|continuation|trend_continuation,60m,vol_regime|vol_phase|carry_state|funding_phase|oi_phase|price_oi_quadrant|forced_flow_phase|liquidity_phase|execution_friction|trend_phase|basis_phase|temporal_phase|data_quality_state|funding_bps|ms_trend_state|ms_spread_state|severity_bucket,500,,,,,,,,,,,,,,,,,,,0,,,,,,,,,,,,,,,,,,,,,,,,,,,,,,,,,1,,,,,,,,,0,,,,,,,,,,,,,,16,,,,,,,,,,,,,,,,,,,,,,,,,,,,,,,,0.9,,,,,,,,,,,,,,,,,,,,,,,,,,,,,,,,
VOL_SPIKE,VOLATILITY_EXPANSION,VOLATILITY_TRANSITION,True,deployable_core,True,True,True,True,VolSpikeDetector,True,vol_regime|high_urgency,crypto|futures,True,vol_spike,shock,direct,canonical,keep,single_asset,single_venue,False,False,False,False,False,0,volatility_transition,volatility_transition_events.parquet,vol_spike_event,mean_reversion|continuation|trend_continuation|volatility_expansion_follow|pullback_entry|only_if_regime,60m,vol_regime|vol_phase|carry_state|funding_phase|oi_phase|price_oi_quadrant|forced_flow_phase|liquidity_phase|execution_friction|trend_phase|basis_phase|temporal_phase|data_quality_state|funding_bps|ms_trend_state|ms_spread_state|severity_bucket,500,,,,,,,,,,,,,,,,,,,6,,,,,,,,,,,,,,,,,,,,,,,,,,,,,,,,,1,,,,,,,,,5,,,,,,,,,,,,,,,,,,,,,,,,,,,,,,,,,,,,,,,,,,,,,,,,,,,,,,,,,,,,,,,,,,,,,,,,,,,,,,
WICK_REVERSAL_PROXY,LIQUIDITY_STRESS,LIQUIDITY_DISLOCATION,True,composite_or_fragile,False,False,False,False,WickReversalProxyDetector,True,,,True,wick_reversal,recovery,hybrid,canonical,merge,single_asset,single_venue,False,False,False,False,False,0,liquidity_dislocation,liquidity_dislocation_events.parquet,wick_reversal_proxy_event,mean_reversion|stop_run_repair|overshoot_repair|only_if_liquidity|slippage_aware_filter,15m,vol_regime|vol_phase|carry_state|funding_phase|oi_phase|price_oi_quadrant|forced_flow_phase|liquidity_phase|execution_friction|trend_phase|basis_phase|temporal_phase|data_quality_state|funding_bps|ms_trend_state|ms_spread_state|severity_bucket,500,,,,,,,,,,,,,,,,,,,12,,,,,,,,,,,,,,,,,,,,,,,,,288,,,,,,,,0,,,,,,,,,0,,,,,,,0.2,,,,,,,,,,,,,,,,,,,,,,,,,,,,,,,,,,,,,,,,,,,,,,,,,,,,,,,,,,,,,,,,,,,,,,3.0,
ZSCORE_STRETCH,STATISTICAL_STRETCH_OVERSHOOT,STATISTICAL_DISLOCATION,True,research_trigger,True,False,False,False,ZScoreStretchDetector,True,statistical_stretch,crypto|futures,True,zscore_stretch,stretch,statistical,canonical,keep,single_asset,single_venue,False,False,False,False,False,0,statistical_dislocation,statistical_dislocation_events.parquet,zscore_stretch_event,mean_reversion|overshoot_repair|tail_risk_avoid,15m|60m,vol_regime|vol_phase|carry_state|funding_phase|oi_phase|price_oi_quadrant|forced_flow_phase|liquidity_phase|execution_friction|trend_phase|basis_phase|temporal_phase|data_quality_state|funding_bps|ms_trend_state|ms_spread_state|severity_bucket,350,,,,,,,3.0,,,,,,,,,,,,12,,,,,,,,,,,,,,,,,,,,,,,,,288,,,,,,,,0,,,,,,,,,0,,,,,,,,,,,,,,,,,,,,,,,,,,,,,,,,,,,,,,,,,,,,,,,,,,,,,,,,,,,,,,,,,,,,,,,,,,,,,,0.96
